bert_preds,prob_0,prob_1,prob_2,prob_3
0,0.9968418,4.60591e-05,0.0030826307,2.9448996e-05
0,0.99832255,8.271445e-05,0.0015395144,5.520742e-05
0,0.9981053,5.0452683e-05,0.0018135965,3.0660925e-05
0,0.9986726,5.9831127e-05,0.001233547,3.4090746e-05
0,0.99889624,7.079007e-05,0.0009799743,5.301931e-05
0,0.99840623,5.7299418e-05,0.0015003101,3.620894e-05
0,0.99861133,5.9361875e-05,0.0012846444,4.4633995e-05
0,0.99881834,6.125892e-05,0.0010730262,4.7337224e-05
0,0.9690701,0.00013818916,0.030727718,6.401339e-05
0,0.99877614,7.374507e-05,0.0011095946,4.0567116e-05
0,0.998672,9.883764e-05,0.0011970544,3.2150616e-05
0,0.9987633,5.9953545e-05,0.0011300845,4.660076e-05
0,0.99888283,7.4622316e-05,0.0009977046,4.473342e-05
0,0.9986363,5.269584e-05,0.0012735903,3.7366946e-05
0,0.9987569,8.307431e-05,0.0011175422,4.2513155e-05
0,0.9989827,9.8099e-05,0.00087520113,4.3958356e-05
0,0.9987739,5.8909503e-05,0.0011212849,4.5789246e-05
0,0.9941929,5.074809e-05,0.0057186238,3.778651e-05
0,0.99880433,6.161805e-05,0.0010916312,4.2349428e-05
0,0.99820757,6.6585184e-05,0.0016898059,3.5920013e-05
0,0.9988532,6.0784318e-05,0.0010450121,4.104848e-05
0,0.99879944,8.5882595e-05,0.0010756615,3.9090202e-05
0,0.998754,6.0659695e-05,0.0011451934,4.017199e-05
0,0.99864334,6.1608116e-05,0.0012491181,4.5783258e-05
0,0.99823475,7.019266e-05,0.0016547415,4.0229603e-05
0,0.99886984,7.078819e-05,0.0010174934,4.1858784e-05
0,0.9974752,9.3648196e-05,0.0023929155,3.8208604e-05
0,0.99849796,5.7754136e-05,0.0014018188,4.250213e-05
0,0.9988784,6.637017e-05,0.001011496,4.3696975e-05
2,0.00068709394,2.5897609e-05,0.9991873,9.9664234e-05
0,0.9986687,6.2092884e-05,0.0012296335,3.9545805e-05
0,0.9895711,0.006857533,0.0032179868,0.00035337394
0,0.99854124,5.4576183e-05,0.0013627349,4.1600542e-05
0,0.9986172,6.819218e-05,0.0012762116,3.8477137e-05
0,0.99881846,6.4450076e-05,0.0010663667,5.068634e-05
0,0.99799037,6.94935e-05,0.0019013423,3.8830345e-05
0,0.99853766,6.699863e-05,0.0013585776,3.6783993e-05
0,0.99858046,6.53217e-05,0.0013153892,3.8777493e-05
0,0.9988764,6.6370034e-05,0.0010127295,4.455873e-05
0,0.99861276,5.5115714e-05,0.0012873148,4.4721324e-05
0,0.9989505,7.148865e-05,0.0009282113,4.980974e-05
0,0.9975593,4.690964e-05,0.0023606212,3.313423e-05
3,6.4488304e-05,0.025538161,4.2540996e-05,0.97435474
2,0.00021672306,6.2640334e-05,0.9996333,8.7307875e-05
3,8.281895e-05,0.002210365,7.323036e-05,0.9976336
3,6.147494e-05,0.04344176,5.6633377e-05,0.9564401
3,6.882881e-05,0.0036861408,4.7769536e-05,0.99619734
2,0.00029304362,6.0709655e-05,0.9995766,6.960396e-05
2,0.00021087666,6.239593e-05,0.9996301,9.6640695e-05
3,5.3828004e-05,0.0053686565,6.0402366e-05,0.99451715
3,5.0613537e-05,0.008355409,3.7029655e-05,0.9915569
3,5.7939298e-05,0.021407686,3.9511167e-05,0.9784949
1,9.260688e-05,0.9710915,8.6656946e-05,0.028729167
3,8.649843e-05,0.0017246889,5.5738612e-05,0.9981331
3,9.551469e-05,0.0021768252,4.9262868e-05,0.99767846
2,0.0002092354,6.4250904e-05,0.99962914,9.7398566e-05
3,8.6322354e-05,0.001810618,5.4442822e-05,0.99804866
3,5.966883e-05,0.0039277477,4.8986465e-05,0.9959636
2,0.00028348624,4.4591987e-05,0.99962187,5.0038296e-05
3,4.7046728e-05,0.045264665,2.8759086e-05,0.9546596
3,6.6649474e-05,0.0046112924,4.616674e-05,0.99527586
2,0.00022382678,5.2339296e-05,0.9996588,6.5010216e-05
3,5.2237752e-05,0.006046714,7.1400544e-05,0.99382967
3,7.586266e-05,0.0020839805,4.8599446e-05,0.9977915
3,8.10964e-05,0.0017642351,5.6173834e-05,0.99809855
2,0.00020578793,6.437573e-05,0.99961686,0.00011298293
3,4.8881633e-05,0.009954779,3.8744158e-05,0.98995763
3,4.7746333e-05,0.0061355764,4.6006975e-05,0.99377066
2,0.00027963184,4.7005793e-05,0.99960405,6.93345e-05
1,5.6077697e-05,0.97330904,5.6077697e-05,0.026578847
1,8.986785e-05,0.9875947,5.2215088e-05,0.01226317
2,0.00024993496,5.4529388e-05,0.9996356,5.9888822e-05
2,0.00020680319,5.907677e-05,0.99965537,7.8723926e-05
1,0.00013426354,0.96386915,0.00012514739,0.035871383
3,3.834621e-05,0.012442609,4.4831253e-05,0.9874742
2,0.00019790164,6.8126334e-05,0.99960345,0.00013054977
1,7.60461e-05,0.96565163,4.72181e-05,0.034225103
3,7.5122145e-05,0.0040775677,4.6100977e-05,0.99580115
3,7.028052e-05,0.0023416197,5.399129e-05,0.99753404
3,6.751907e-05,0.018831182,3.592921e-05,0.98106533
3,7.1762595e-05,0.0029568188,5.1286417e-05,0.9969201
1,0.0001708186,0.810532,0.00013355435,0.18916367
0,0.9979638,0.0003767705,0.0014785598,0.0001809531
2,0.00021906158,5.6149896e-05,0.99962366,0.00010108032
3,5.8876365e-05,0.0036336696,4.3159074e-05,0.9962643
3,8.5488115e-05,0.22709937,3.3087603e-05,0.7727821
2,0.00025937942,5.7145266e-05,0.99961734,6.616032e-05
2,0.00024993604,4.636917e-05,0.99963987,6.387622e-05
3,0.0001489098,0.2534176,0.00014153677,0.74629194
3,8.06402e-05,0.0035076528,4.341724e-05,0.9963683
2,0.00021566998,6.0477112e-05,0.9996451,7.872312e-05
3,4.868113e-05,0.19680703,4.868113e-05,0.8030956
3,7.110836e-05,0.05359468,4.944811e-05,0.9462848
2,0.00021026477,5.7259083e-05,0.99965394,7.857021e-05
2,0.00044028912,4.9737915e-05,0.9994603,4.9640865e-05
3,7.918173e-05,0.0041717924,5.1625262e-05,0.9956974
2,0.00028100205,3.3008342e-05,0.9996093,7.6746706e-05
2,0.00037847046,2.9935009e-05,0.9995339,5.770124e-05
2,0.00026449686,5.152603e-05,0.99962354,6.047581e-05
2,0.0003451159,2.7740245e-05,0.99956125,6.58987e-05
2,0.00028100432,4.4244774e-05,0.99961734,5.7481087e-05
2,0.00022338924,6.412721e-05,0.99965525,5.7147434e-05
2,0.00035798398,2.8844912e-05,0.99954814,6.500301e-05
2,0.00033811782,3.3201453e-05,0.9995832,4.5469726e-05
2,0.00028501404,3.9122533e-05,0.99962556,5.0332532e-05
2,0.00026372634,4.6641468e-05,0.9996358,5.378896e-05
2,0.00040900754,2.9012814e-05,0.99949276,6.919152e-05
2,0.00023571377,4.7934944e-05,0.9996468,6.960885e-05
2,0.00033910555,3.2054082e-05,0.9995704,5.8383543e-05
2,0.00023274237,4.5119166e-05,0.9996561,6.603379e-05
2,0.0003478225,3.1680338e-05,0.9995608,5.9650873e-05
2,0.0002408316,4.9844224e-05,0.99964213,6.720386e-05
2,0.00025661397,5.1829706e-05,0.99964046,5.112592e-05
2,0.00050797744,2.8282788e-05,0.9993993,6.4487554e-05
2,0.0003747979,3.1679945e-05,0.9995484,4.520251e-05
2,0.00027718896,3.7185182e-05,0.99961853,6.707115e-05
2,0.00018866276,7.195881e-05,0.99964595,9.348609e-05
2,0.00030161662,3.5412573e-05,0.99960333,5.9653412e-05
2,0.00021715154,5.5389188e-05,0.99965525,7.224113e-05
2,0.00024558068,5.9306985e-05,0.99963844,5.6591118e-05
2,0.0002463035,5.0235434e-05,0.99964774,5.5823195e-05
2,0.00029593037,3.479589e-05,0.9996138,5.5495177e-05
2,0.0004259221,3.088384e-05,0.99948823,5.4948967e-05
2,0.00029276722,3.320233e-05,0.99960953,6.462722e-05
2,0.00032851612,3.2054497e-05,0.9995833,5.6147626e-05
2,0.00043622995,3.100432e-05,0.99947554,5.7248864e-05
2,0.00030058977,3.806671e-05,0.99961096,5.04302e-05
2,0.00033745595,3.2495544e-05,0.99957687,5.3159158e-05
2,0.00019031526,8.989855e-05,0.9995777,0.00014198384
2,0.0003205955,3.9814964e-05,0.99959165,4.79323e-05
2,0.0002862656,3.5900393e-05,0.99961275,6.500721e-05
2,0.00029650383,3.2623368e-05,0.99959654,7.43845e-05
2,0.0003080138,4.0838975e-05,0.9995951,5.6038727e-05
2,0.00031716877,3.1190015e-05,0.9995876,6.4122876e-05
2,0.00026372922,4.1728024e-05,0.9996468,4.7748064e-05
2,0.0004470057,2.6210118e-05,0.99946326,6.3491825e-05
2,0.0003191898,3.174326e-05,0.9995919,5.725553e-05
2,0.00026918974,3.8366103e-05,0.9996325,5.9888636e-05
2,0.00021419903,7.4242394e-05,0.99963737,7.4242394e-05
2,0.00022846276,5.4317676e-05,0.9996518,6.539178e-05
2,0.0002408339,4.8785238e-05,0.9996517,5.873141e-05
2,0.00020579684,6.988222e-05,0.99966013,6.42529e-05
2,0.0002939155,3.8590988e-05,0.9996177,4.984301e-05
2,0.00034629813,2.999441e-05,0.99956304,6.070883e-05
2,0.00027449685,4.793388e-05,0.9996246,5.2954445e-05
2,0.0003520981,3.1804666e-05,0.99957126,4.4851768e-05
2,0.0002804595,3.8365997e-05,0.99962974,5.1425814e-05
2,0.00025411914,4.8975435e-05,0.9996364,6.059482e-05
2,0.00023756214,4.4680204e-05,0.99964523,7.252315e-05
2,0.0002576184,4.7841124e-05,0.9996407,5.389438e-05
2,0.00034176523,3.2878383e-05,0.99957055,5.484627e-05
2,0.0002496908,5.003894e-05,0.99963474,6.5518514e-05
2,0.00031058374,3.4122517e-05,0.9996032,5.203062e-05
2,0.00024154078,5.2852603e-05,0.99965274,5.2955933e-05
2,0.0002705029,5.305752e-05,0.99961615,6.0239585e-05
2,0.0003114871,3.2495576e-05,0.99957794,7.8105244e-05
2,0.00023733206,4.74694e-05,0.999653,6.215409e-05
2,0.00027950402,3.9584073e-05,0.9996351,4.573931e-05
2,0.00034918168,2.9014607e-05,0.9995546,6.719798e-05
2,0.00023319588,5.053074e-05,0.9996495,6.668137e-05
2,0.00038423645,3.0228277e-05,0.9995173,6.825365e-05
2,0.00026116462,3.9199596e-05,0.99964035,5.9191378e-05
2,0.00033498555,4.29646e-05,0.9995535,6.8523266e-05
0,0.9937311,0.00012752143,0.0060697785,7.16729e-05
2,0.00025359596,6.424445e-05,0.99952877,0.00015351361
2,0.00022756975,6.118978e-05,0.99964154,6.974457e-05
2,0.00019559982,6.130826e-05,0.9996228,0.000120270415
2,0.00020496041,0.00010225856,0.99949396,0.00019884853
2,0.00028403822,4.6640445e-05,0.99961394,5.53869e-05
2,0.00023251318,5.4636635e-05,0.99964726,6.5519336e-05
2,0.00022558146,5.7035923e-05,0.99965525,6.203295e-05
2,0.00036237793,2.862022e-05,0.99954057,6.852238e-05
2,0.00024846484,5.3891945e-05,0.9995956,0.00010206939
2,0.0005223236,3.223752e-05,0.99941754,2.789925e-05
2,0.0002403639,4.6824745e-05,0.9996513,6.154997e-05
2,0.0003000021,4.2549353e-05,0.99960726,5.0135382e-05
2,0.00024462614,5.122637e-05,0.99965024,5.3894895e-05
2,0.00028059667,3.5621644e-05,0.99963045,5.3265943e-05
2,0.00026761636,4.756111e-05,0.99963,5.484953e-05
2,0.00023342422,5.5605775e-05,0.99965155,5.9423706e-05
2,0.00019276368,6.437885e-05,0.9996654,7.75042e-05
2,0.0003522684,3.1680516e-05,0.9995665,4.954927e-05
2,0.00028293312,3.9972e-05,0.99962187,5.517141e-05
2,0.0003419321,3.1618827e-05,0.9995704,5.6037345e-05
2,0.00027853964,3.569008e-05,0.9995968,8.902661e-05
2,0.00022841134,8.313003e-05,0.99942684,0.0002616193
2,0.0003979884,3.3788292e-05,0.9995258,4.2462867e-05
2,0.00024414374,5.6812103e-05,0.9996295,6.9471826e-05
2,0.00024896173,5.0431678e-05,0.9996402,6.0358816e-05
2,0.00021334078,6.9600625e-05,0.99952877,0.00018827256
2,0.00024224578,5.122572e-05,0.9996376,6.893175e-05
2,0.00025862834,4.6642002e-05,0.99964726,4.746913e-05
2,0.00023872226,6.8797e-05,0.999634,5.8387257e-05
2,0.00038971734,2.6780855e-05,0.99952066,6.275573e-05
2,0.00027156892,3.8818755e-05,0.99964297,4.6550795e-05
2,0.0002568605,5.9074926e-05,0.99962413,5.9888138e-05
2,0.00032932006,3.49994e-05,0.99958605,4.964711e-05
2,0.00024367205,5.3684704e-05,0.9996488,5.389482e-05
2,0.00031346912,3.527345e-05,0.9995732,7.810487e-05
2,0.0006580777,3.2358344e-05,0.99925226,5.7347974e-05
2,0.0006366005,3.0280018e-05,0.99927455,5.85947e-05
2,0.00051925954,3.0165553e-05,0.99939334,5.713246e-05
2,0.00032707606,3.5481142e-05,0.9995846,5.274588e-05
2,0.00025189336,5.6259923e-05,0.9996282,6.362645e-05
2,0.00029708497,4.8497786e-05,0.9996014,5.3056738e-05
2,0.00023849317,4.8216814e-05,0.9996505,6.276388e-05
2,0.3199139,0.00010752897,0.67990845,7.010723e-05
2,0.00032057546,5.2537325e-05,0.9995291,9.776999e-05
2,0.0003634413,3.0825206e-05,0.99954104,6.474913e-05
2,0.00082638115,3.135738e-05,0.9990802,6.199726e-05
2,0.0002944713,4.945197e-05,0.99955386,0.00010226468
2,0.00035157512,3.4861685e-05,0.9995498,6.374584e-05
2,0.00041362792,3.118714e-05,0.9994955,5.964698e-05
2,0.00038574543,3.1679378e-05,0.99953055,5.212855e-05
2,0.00039295002,3.2113865e-05,0.99948066,9.420374e-05
2,0.00038066145,7.041528e-05,0.9994468,0.000102054204
2,0.00036772317,4.1317886e-05,0.99953496,5.6035355e-05
2,0.00041080092,3.9966057e-05,0.9994733,7.599053e-05
2,0.00050476345,5.0419545e-05,0.9993998,4.5019584e-05
2,0.00044008016,3.3392913e-05,0.99947387,5.2637133e-05
2,0.00041952473,3.405211e-05,0.999491,5.538009e-05
2,0.00028879812,4.2219253e-05,0.9996315,3.7477315e-05
2,0.00035226712,2.9587116e-05,0.9995629,5.5168155e-05
2,0.00025461856,4.263422e-05,0.99964666,5.6151188e-05
2,0.00032389857,3.070647e-05,0.99958783,5.7591762e-05
2,0.00027909092,4.4158594e-05,0.9996209,5.5821696e-05
2,0.0002479882,5.1425748e-05,0.9996284,7.209824e-05
0,0.97973996,0.0011505233,0.019027418,8.213168e-05
2,0.00022846407,5.132689e-05,0.9996575,6.264185e-05
2,0.00022779695,5.142752e-05,0.9996629,5.793455e-05
2,0.00026997467,5.1525563e-05,0.9996145,6.399948e-05
2,0.00022035424,5.8160425e-05,0.99964774,7.380942e-05
2,0.00029970193,4.6095625e-05,0.9995826,7.167373e-05
2,0.0002227367,5.7147678e-05,0.99965954,6.059622e-05
2,0.00033011168,6.00005e-05,0.9995455,6.437114e-05
2,0.0002526356,5.5931945e-05,0.9996408,5.0629093e-05
2,0.00024106939,5.305944e-05,0.9996524,5.3475596e-05
2,0.0016896451,5.104155e-05,0.99799085,0.00026848534
2,0.00024319216,5.5713313e-05,0.99963045,7.070388e-05
2,0.00036683175,2.9818759e-05,0.9995491,5.4206124e-05
2,0.0004283792,8.6945554e-05,0.9993812,0.000103452265
2,0.0002668305,5.6149613e-05,0.99961865,5.8386362e-05
2,0.00037938487,5.494992e-05,0.99950564,5.9998107e-05
2,0.00030591997,3.7257556e-05,0.99961,4.682281e-05
2,0.00047953488,3.319524e-05,0.9993961,9.111952e-05
2,0.0003565907,4.0519528e-05,0.9995548,4.8024238e-05
2,0.00089919654,3.7527712e-05,0.9990226,4.0577128e-05
2,0.00031578008,3.1312295e-05,0.99959415,5.8728026e-05
2,0.0002857055,5.3368854e-05,0.9996074,5.3577725e-05
2,0.0002408332,5.264634e-05,0.9996487,5.7820696e-05
2,0.0002494467,5.5172033e-05,0.9996332,6.215286e-05
2,0.0002499363,5.3999756e-05,0.99964094,5.506481e-05
2,0.0011069028,3.3828866e-05,0.9987734,8.5880354e-05
2,0.0002506664,5.988837e-05,0.99962807,6.142844e-05
2,0.00038743875,3.4186247e-05,0.999516,6.226706e-05
2,0.0008146197,7.448751e-05,0.9990276,8.325928e-05
2,0.00041868526,6.864951e-05,0.9994411,7.1663584e-05
2,0.0005414854,6.7444715e-05,0.9993136,7.747693e-05
2,0.000244859,5.748153e-05,0.9996251,7.252169e-05
2,0.0002275671,6.012288e-05,0.99962986,8.2499864e-05
2,0.0015863689,5.9807247e-05,0.99827397,7.985315e-05
0,0.9728907,0.0009333761,0.02607902,9.685192e-05
2,0.0061445087,4.4853074e-05,0.9937605,5.0135048e-05
2,0.017129378,0.00038364675,0.98203135,0.00045559183
2,0.00092835334,8.930913e-05,0.9988595,0.00012278848
2,0.0022733153,0.004433583,0.5750416,0.41825154
2,0.00023342422,5.681336e-05,0.99965155,5.8160647e-05
2,0.00021970748,6.773068e-05,0.9996381,7.4533025e-05
2,0.00023640569,4.1728086e-05,0.9996482,7.366543e-05
2,0.00026141742,5.549615e-05,0.9996313,5.182923e-05
2,0.00024367226,5.4423756e-05,0.99964964,5.2338815e-05
2,0.0002380196,6.6160224e-05,0.9996159,7.980448e-05
2,0.0002763764,4.467874e-05,0.9996125,6.65488e-05
2,0.00030532238,3.307282e-05,0.99960774,5.38926e-05
2,0.00029420396,3.5275178e-05,0.9996221,4.840416e-05
2,0.00023896067,5.759567e-05,0.9996556,4.7748483e-05
2,0.00033417816,3.4055203e-05,0.99958175,5.0036288e-05
2,0.00018374076,8.885123e-05,0.99957794,0.0001493802
2,0.00023456388,6.191093e-05,0.9996393,6.425155e-05
2,0.00022513865,5.5496817e-05,0.9996433,7.600346e-05
2,0.00018482548,0.00010088118,0.99960476,0.000109505476
2,0.00020419258,7.112053e-05,0.9996468,7.7958204e-05
2,0.0001940758,9.221365e-05,0.99961346,0.000100292666
2,0.00024106701,5.9772374e-05,0.9996425,5.6591347e-05
2,0.0002650131,5.5279186e-05,0.9996203,5.9305912e-05
2,0.00043926976,0.00015077337,0.9990958,0.00031423866
2,0.0016091372,0.0014200585,0.97452295,0.022447878
2,0.00024920632,5.0235325e-05,0.9996456,5.4957614e-05
2,0.00021106107,0.00013814715,0.9995277,0.00012311082
2,0.00021949464,5.4957607e-05,0.9996455,8.0119185e-05
2,0.15557998,3.1903888e-05,0.8443493,3.878526e-05
0,0.99876344,7.203585e-05,0.0011172084,4.742716e-05
0,0.99866414,5.8673388e-05,0.0012383645,3.8780745e-05
0,0.99855787,7.833092e-05,0.0013214751,4.2421747e-05
0,0.998672,6.832925e-05,0.0012071797,5.2492276e-05
0,0.99778205,6.264657e-05,0.0021216935,3.353229e-05
0,0.9976718,5.7257268e-05,0.0022418017,2.9244153e-05
0,0.99856347,6.331089e-05,0.0013359177,3.721855e-05
0,0.99871886,6.533076e-05,0.0011773289,3.840597e-05
0,0.99852437,6.699774e-05,0.00136671,4.1926112e-05
0,0.99791473,4.7386857e-05,0.0020051259,3.2888092e-05
0,0.99836713,4.9296872e-05,0.0015467413,3.6921654e-05
0,0.99865,8.0509766e-05,0.0012293853,4.0167808e-05
0,0.99754983,7.658859e-05,0.0023274082,4.6091816e-05
0,0.9986474,5.742531e-05,0.0012579984,3.722168e-05
0,0.9987877,6.820382e-05,0.0011081353,3.6011155e-05
0,0.99872655,9.285444e-05,0.0011395838,4.0963187e-05
0,0.9950458,0.00014582672,0.004768198,4.0258037e-05
2,0.19190973,6.3133346e-05,0.8079701,5.703622e-05
2,0.010579629,4.8092727e-05,0.98931843,5.3861295e-05
0,0.99744886,4.718008e-05,0.0024639925,3.9963084e-05
0,0.9973149,4.717374e-05,0.0026046874,3.3190878e-05
0,0.9936573,7.932877e-05,0.0062284456,3.4927984e-05
0,0.99068576,4.6133682e-05,0.00923145,3.6566096e-05
0,0.9976018,0.000114084294,0.0022537168,3.046642e-05
0,0.98436666,6.192509e-05,0.015542231,2.9194269e-05
0,0.9982004,5.4132983e-05,0.0017055434,3.991516e-05
0,0.9969054,4.827261e-05,0.0030099438,3.636698e-05
0,0.9949538,3.8335987e-05,0.004972229,3.559376e-05
0,0.99789137,5.749402e-05,0.002011944,3.928417e-05
0,0.9927487,4.055926e-05,0.007176344,3.448949e-05
0,0.9978759,5.649134e-05,0.0020257132,4.1898886e-05
0,0.9959247,3.6759462e-05,0.004007016,3.1442032e-05
0,0.99716043,0.00016049968,0.0026452953,3.3774235e-05
0,0.99769765,4.7099766e-05,0.0022189894,3.6324862e-05
0,0.9972005,0.00010363054,0.00266615,2.9748695e-05
0,0.9985928,5.7872538e-05,0.0013117174,3.765838e-05
0,0.99535465,4.448843e-05,0.0045601563,4.0665727e-05
0,0.99777323,4.3563465e-05,0.002148782,3.4394296e-05
0,0.8690098,0.00025130622,0.13068935,4.948513e-05
0,0.9876253,3.8652877e-05,0.012299532,3.6453133e-05
0,0.99527305,4.1871295e-05,0.004654259,3.0873958e-05
0,0.99649173,4.031654e-05,0.0034427552,2.5180214e-05
2,0.0025044144,3.136471e-05,0.99736375,0.00010045861
2,0.0015199705,2.5825775e-05,0.9983638,9.049361e-05
2,0.0035270501,4.2407224e-05,0.99626833,0.00016224632
2,0.0051282733,5.1468087e-05,0.99460655,0.00021374635
2,0.0022517599,2.9814786e-05,0.99746585,0.0002525788
2,0.0031543234,5.6531655e-05,0.9966396,0.00014952401
0,0.9986035,7.742187e-05,0.0012697452,4.9404953e-05
2,0.0017975746,5.79454e-05,0.99789906,0.00024539288
0,0.53014874,9.190511e-05,0.4696858,7.355993e-05
0,0.9881451,4.8129597e-05,0.011776924,2.9767838e-05
2,0.0014400866,3.4348344e-05,0.9983884,0.00013718351
2,0.0013086193,4.1357758e-05,0.9985474,0.00010256156
2,0.0036634419,5.1748364e-05,0.9961241,0.00016064633
2,0.01767385,4.4239012e-05,0.9820717,0.00021022973
2,0.0004913941,2.9067176e-05,0.9994117,6.784773e-05
2,0.00076684303,2.4374847e-05,0.9991353,7.348398e-05
0,0.9964682,6.0167287e-05,0.0034376348,3.40155e-05
2,0.0025917424,5.9736554e-05,0.99709404,0.0002544649
2,0.0009188309,2.6042966e-05,0.99892515,0.00012995258
2,0.17074795,9.207037e-05,0.8290385,0.0001214979
2,0.07175241,0.00047550388,0.925967,0.0018050787
0,0.99436164,4.7034053e-05,0.005554459,3.6917452e-05
0,0.9562923,6.267774e-05,0.043605044,3.9996332e-05
2,0.011325687,0.000119587385,0.988139,0.0004157737
0,0.8868687,5.7003253e-05,0.11297314,0.000101223115
2,0.38762063,8.201031e-05,0.6121996,9.777082e-05
0,0.9605215,3.0206109e-05,0.039413836,3.4496457e-05
2,0.027986456,0.00016097882,0.9712614,0.0005911407
2,0.034161147,3.0369953e-05,0.96573156,7.694887e-05
0,0.65312237,0.0014914268,0.34417132,0.0012148919
0,0.9733776,4.83454e-05,0.026502958,7.1032446e-05
0,0.98774856,5.4729462e-05,0.012157755,3.8809e-05
0,0.99817586,5.1150815e-05,0.0017370178,3.5918874e-05
0,0.99758625,5.4417596e-05,0.002318419,4.0916417e-05
0,0.9982364,5.7513902e-05,0.0016697594,3.6344478e-05
0,0.99539316,4.0826464e-05,0.0045336904,3.2359534e-05
2,0.05251044,7.2870884e-05,0.94727564,0.00014101207
2,0.008347272,3.702974e-05,0.99155915,5.6573994e-05
0,0.9963393,5.542153e-05,0.00355844,4.6760844e-05
0,0.9948973,3.2154454e-05,0.0050403886,3.014738e-05
2,0.15298453,0.00010166529,0.84663904,0.0002747404
2,0.005926025,5.826716e-05,0.99368876,0.00032689798
2,0.022732161,9.6885335e-05,0.9770354,0.00013556697
0,0.9979673,6.192821e-05,0.001927471,4.3232852e-05
2,0.1610325,6.528842e-05,0.83882064,8.157075e-05
2,0.07409033,3.484574e-05,0.9258161,5.8698562e-05
2,0.02196042,8.17956e-05,0.97763866,0.00031911506
2,0.028225387,0.00017469053,0.97098184,0.00061812333
0,0.99158174,6.057799e-05,0.008314919,4.2788757e-05
2,0.0016263367,2.8140237e-05,0.998254,9.1550246e-05
2,0.0008286773,3.9023605e-05,0.9990472,8.5069085e-05
2,0.001728131,2.1871117e-05,0.9981736,7.6337696e-05
0,0.7809016,5.4270768e-05,0.21897656,6.7541056e-05
2,0.00079068844,4.1945892e-05,0.9989955,0.00017183535
2,0.00101035,2.3851057e-05,0.9988967,6.9015325e-05
2,0.002679262,2.9231014e-05,0.9972236,6.7831534e-05
2,0.0011302005,2.1672598e-05,0.9988201,2.7937087e-05
2,0.007008977,5.6411976e-05,0.9925891,0.0003455652
2,0.0005182275,4.9732782e-05,0.99935716,7.494995e-05
2,0.0005693972,3.261313e-05,0.9992828,0.0001151728
2,0.0027909544,2.8885457e-05,0.99705076,0.00012945564
2,0.0009252408,4.033835e-05,0.99898,5.43873e-05
2,0.0011981033,3.152944e-05,0.9986933,7.712696e-05
2,0.00049766304,3.645774e-05,0.99939334,7.2504874e-05
2,0.038317677,4.214713e-05,0.96157026,6.9897236e-05
2,0.0015543042,1.9801271e-05,0.9983619,6.4044245e-05
2,0.005591325,4.408846e-05,0.99414235,0.0002221573
2,0.0007353005,2.4469984e-05,0.9991246,0.00011560529
2,0.0016063838,3.054547e-05,0.9982387,0.00012440137
2,0.0012036721,2.9216935e-05,0.99869186,7.519321e-05
2,0.0017190811,3.030204e-05,0.9980502,0.00020031419
2,0.0016483197,3.571177e-05,0.9982526,6.341491e-05
2,0.0067241387,4.5351153e-05,0.99308974,0.000140787
0,0.6975352,5.1002302e-05,0.30235913,5.4717486e-05
2,0.0010987439,3.3962126e-05,0.9987986,6.873951e-05
2,0.001325205,2.6135565e-05,0.9985688,7.987673e-05
0,0.99745935,4.963834e-05,0.0024496226,4.155547e-05
2,0.010796407,4.112664e-05,0.9890961,6.636513e-05
0,0.9826256,3.9677965e-05,0.017307945,2.6742784e-05
0,0.99869835,0.00013536273,0.0011266193,3.970176e-05
2,0.00039141846,5.0819148e-05,0.9994816,7.6139724e-05
0,0.99641174,5.4459793e-05,0.0035001063,3.3748875e-05
0,0.9879198,4.321758e-05,0.012006465,3.0466816e-05
0,0.98104435,6.6992194e-05,0.018794034,9.465883e-05
2,0.0012143833,3.2976346e-05,0.99864024,0.0001124325
0,0.99819523,4.2572316e-05,0.0017222716,3.9914954e-05
2,0.0010192298,3.774232e-05,0.99886584,7.714029e-05
2,0.0017295657,4.5493252e-05,0.99814904,7.5889846e-05
2,0.01378014,8.250176e-05,0.9860788,5.8502512e-05
2,0.0023519222,3.6962796e-05,0.99752945,8.168584e-05
0,0.69763774,0.0003596541,0.30181348,0.00018915458
2,0.00042737738,3.9888397e-05,0.99948126,5.1418174e-05
2,0.0032836131,4.713648e-05,0.99652714,0.00014210453
2,0.015934963,2.4004084e-05,0.98393756,0.000103457554
2,0.002466131,3.6883674e-05,0.99734014,0.00015680995
0,0.9936382,5.1117582e-05,0.006277175,3.345832e-05
0,0.99526393,4.1707674e-05,0.0046678716,2.651101e-05
2,0.0018636163,3.0477628e-05,0.99796873,0.00013712584
2,0.002469208,2.569939e-05,0.9973665,0.00013865852
0,0.99845386,6.19584e-05,0.0014348236,4.9301158e-05
0,0.9981097,9.4812356e-05,0.0017569476,3.86081e-05
0,0.9981502,6.5039e-05,0.0017382457,4.6572153e-05
0,0.9985902,0.00015040302,0.0012231744,3.635736e-05
0,0.99837554,7.158718e-05,0.0014991659,5.382617e-05
0,0.9988393,8.588602e-05,0.0010253172,4.9513223e-05
0,0.9987325,6.968115e-05,0.001156442,4.1446296e-05
0,0.9982053,5.125233e-05,0.0017001472,4.3243163e-05
0,0.9982261,6.7239875e-05,0.0016689269,3.771815e-05
0,0.99697804,5.5133067e-05,0.0029261103,4.073205e-05
0,0.9987949,7.927307e-05,0.0010913211,3.4362332e-05
0,0.99850637,5.730517e-05,0.0013985833,3.772874e-05
0,0.9984536,5.7190333e-05,0.0014510278,3.8171456e-05
0,0.9986255,5.5008877e-05,0.001283252,3.6216894e-05
0,0.9984674,6.208038e-05,0.0014330928,3.743367e-05
0,0.9986154,5.9478167e-05,0.0012798754,4.5248606e-05
0,0.99861455,6.0414768e-05,0.0012840213,4.1118903e-05
0,0.9985384,6.621812e-05,0.0013537777,4.1681757e-05
0,0.9982566,5.9225003e-05,0.0016455117,3.8613784e-05
0,0.99839044,4.4276858e-05,0.0015250292,4.039336e-05
0,0.9984515,0.00020554801,0.0012973602,4.5596007e-05
0,0.99852365,7.1040624e-05,0.0013693811,3.593139e-05
0,0.9987469,8.672084e-05,0.0011328881,3.363034e-05
0,0.9988041,7.360323e-05,0.001074092,4.817599e-05
0,0.99355775,7.994294e-05,0.0062827994,7.947589e-05
0,0.9988624,7.6092554e-05,0.0010196618,4.1940304e-05
0,0.9989766,7.9132784e-05,0.0008966068,4.771605e-05
0,0.9985239,5.6307643e-05,0.0013735668,4.6317404e-05
0,0.9986327,7.697181e-05,0.0012506306,3.9621693e-05
0,0.99851996,5.7868314e-05,0.0013725557,4.969112e-05
0,0.9987483,6.5205204e-05,0.0011476008,3.8859835e-05
0,0.99872845,7.231525e-05,0.0011581858,4.104335e-05
0,0.99889576,0.00010041661,0.0009612541,4.2602194e-05
0,0.99872786,8.825701e-05,0.001141256,4.2678308e-05
2,0.057699565,3.1788306e-05,0.9422007,6.7956265e-05
0,0.98749024,4.244607e-05,0.012430667,3.65908e-05
0,0.9940671,8.140231e-05,0.0058249845,2.6530895e-05
0,0.9989285,8.325102e-05,0.00094384403,4.4387332e-05
0,0.9987663,0.00017621378,0.0010152789,4.226518e-05
0,0.9987921,7.6683966e-05,0.0010836931,4.752124e-05
0,0.9986369,6.859427e-05,0.0012549176,3.9699316e-05
0,0.9984074,5.521211e-05,0.0014908188,4.6493256e-05
0,0.99859613,6.0768674e-05,0.001300561,4.267268e-05
0,0.99860424,6.16057e-05,0.0012945527,3.954325e-05
0,0.9911078,3.6367954e-05,0.008821074,3.4702545e-05
0,0.9971179,6.079735e-05,0.0027789036,4.244339e-05
0,0.9989102,7.134628e-05,0.00097408425,4.4473294e-05
0,0.99795544,0.00044742235,0.0015251092,7.197758e-05
0,0.998211,5.8761423e-05,0.0016893992,4.0862156e-05
0,0.99884677,7.835359e-05,0.0010338082,4.1048213e-05
0,0.99806446,4.256674e-05,0.0018574354,3.5427183e-05
0,0.9981408,6.254681e-05,0.0017492982,4.721281e-05
0,0.998237,5.5527093e-05,0.0016697604,3.757151e-05
0,0.9984043,4.6311856e-05,0.001509861,3.9535335e-05
0,0.9982331,5.7738816e-05,0.0016762892,3.2834392e-05
0,0.9983961,5.4143595e-05,0.0015065348,4.3251428e-05
0,0.9984806,5.2997246e-05,0.0014240434,4.2418465e-05
0,0.99862254,5.1373998e-05,0.001289057,3.70033e-05
0,0.99824035,5.662245e-05,0.0016567718,4.612372e-05
0,0.9984084,5.414426e-05,0.001497386,4.0079733e-05
0,0.9982711,5.9341648e-05,0.0016235873,4.5945322e-05
0,0.99492764,4.7337377e-05,0.0049818186,4.3185435e-05
0,0.99829143,5.9111506e-05,0.0016062725,4.3162512e-05
0,0.9986204,7.533483e-05,0.0012720163,3.221181e-05
0,0.99841213,6.256381e-05,0.0014897342,3.5439523e-05
0,0.9986594,7.091164e-05,0.0012231473,4.6504992e-05
0,0.99684274,7.274482e-05,0.0030392911,4.5256584e-05
0,0.9985183,6.19624e-05,0.0013680371,5.1670508e-05
0,0.99776816,4.936362e-05,0.002141439,4.1003885e-05
0,0.9983724,6.123156e-05,0.001526119,4.0392628e-05
0,0.9980976,6.25441e-05,0.0017950812,4.4698252e-05
0,0.99782217,4.1570587e-05,0.002104239,3.212326e-05
0,0.99776626,5.4640444e-05,0.0021393446,3.98978e-05
0,0.9984799,5.8662565e-05,0.001414859,4.6496632e-05
0,0.9987884,6.197916e-05,0.0011020908,4.7521065e-05
0,0.9986915,6.532897e-05,0.0011952162,4.7982758e-05
0,0.998558,6.493862e-05,0.001325676,5.1270436e-05
0,0.99864286,6.50711e-05,0.001240267,5.177798e-05
0,0.9982152,4.603257e-05,0.0016980899,4.070302e-05
0,0.9986468,7.4604686e-05,0.001237021,4.160494e-05
0,0.9987878,6.17375e-05,0.0011034447,4.687576e-05
0,0.9986595,5.6979112e-05,0.0012356407,4.7887603e-05
0,0.9987154,6.4317675e-05,0.0011730929,4.7239988e-05
0,0.9979101,5.153827e-05,0.0020002273,3.8225262e-05
0,0.9987815,6.432193e-05,0.0011048025,4.9413757e-05
0,0.99870753,6.545774e-05,0.0011821759,4.4813012e-05
0,0.9986737,6.319433e-05,0.0012204428,4.2759424e-05
0,0.9988142,6.8740585e-05,0.0010672413,4.9900314e-05
0,0.99817896,5.256894e-05,0.0017268751,4.1504307e-05
0,0.99870837,6.0775503e-05,0.0011824295,4.8454458e-05
0,0.9985145,5.0769973e-05,0.0013965474,3.8099293e-05
0,0.9986395,5.4475055e-05,0.001264609,4.128087e-05
0,0.99880135,6.470121e-05,0.0010857554,4.8175858e-05
0,0.9987081,5.587976e-05,0.0011887973,4.7239642e-05
0,0.99885607,7.1761664e-05,0.0010197177,5.239951e-05
0,0.99878937,7.161685e-05,0.0010925898,4.6601974e-05
0,0.998628,6.331498e-05,0.0012609721,4.7792655e-05
0,0.99836785,5.0762515e-05,0.0015373306,4.4017186e-05
0,0.99835783,5.923101e-05,0.0015388173,4.4016746e-05
0,0.99802005,8.8712746e-05,0.0018496601,4.157883e-05
0,0.9983491,0.00023656002,0.0013688075,4.559133e-05
0,0.99742055,8.296315e-05,0.0024393823,5.701968e-05
0,0.9983095,4.8624675e-05,0.0016090492,3.277283e-05
0,0.9978369,7.0027774e-05,0.0020530173,4.005679e-05
0,0.9984509,7.173255e-05,0.001439029,3.832075e-05
0,0.99859995,9.412073e-05,0.0012665287,3.9388917e-05
0,0.9980159,6.7357134e-05,0.0018714555,4.5309844e-05
0,0.9982626,5.8994458e-05,0.0016391062,3.92221e-05
0,0.99871457,8.3233186e-05,0.0011626271,3.97024e-05
0,0.99834144,0.00028064565,0.0013190939,5.8769103e-05
0,0.9975631,5.8494345e-05,0.0023365482,4.180402e-05
0,0.99841416,6.725254e-05,0.0014738201,4.4712433e-05
0,0.9983924,7.357289e-05,0.0014887959,4.5238503e-05
0,0.99788994,6.1681996e-05,0.00200263,4.5659457e-05
0,0.9981781,4.549458e-05,0.0017399928,3.6413407e-05
0,0.99781007,5.3690717e-05,0.0021031864,3.3077886e-05
0,0.9986744,5.6868783e-05,0.0012291902,3.9468865e-05
0,0.99823004,6.0984148e-05,0.0016812022,2.7866101e-05
0,0.9972274,5.070453e-05,0.0026792723,4.253104e-05
0,0.99867404,5.7091336e-05,0.0012284396,4.040483e-05
0,0.9979842,5.7837267e-05,0.001909238,4.8799084e-05
0,0.998019,5.2766227e-05,0.0018861392,4.2068903e-05
0,0.9984175,5.6301644e-05,0.0014824859,4.3676813e-05
0,0.9980883,9.27951e-05,0.0017806604,3.815749e-05
0,0.9983382,5.5208286e-05,0.0015702866,3.6277263e-05
0,0.9986985,7.273804e-05,0.0011943859,3.442619e-05
0,0.9983487,0.00010809371,0.0015060955,3.7137943e-05
0,0.9986455,7.118819e-05,0.001246303,3.7076497e-05
0,0.9976674,0.00024390258,0.0020481632,4.052208e-05
0,0.99854326,6.0057522e-05,0.0013602448,3.6426725e-05
0,0.9980223,0.0001191434,0.0018241026,3.4470137e-05
0,0.9986387,8.756238e-05,0.0012399212,3.3824304e-05
0,0.99819714,0.00014206492,0.0016218824,3.891432e-05
0,0.998346,5.4779077e-05,0.001565705,3.361684e-05
0,0.9984811,8.4194624e-05,0.0013976943,3.7070393e-05
0,0.99710625,5.869639e-05,0.0027911097,4.396156e-05
0,0.99878174,7.092033e-05,0.001108484,3.8861137e-05
0,0.9985311,5.901033e-05,0.0013745832,3.5236677e-05
0,0.99850595,5.0276154e-05,0.0014043993,3.938521e-05
0,0.9979,6.12026e-05,0.0020031394,3.569916e-05
0,0.9983176,7.39997e-05,0.0015764,3.2013908e-05
0,0.9985209,0.00034458842,0.0010833989,5.106866e-05
0,0.9983839,5.797355e-05,0.0015235305,3.461759e-05
2,0.06278066,8.3296145e-05,0.9370831,5.2946252e-05
0,0.99868006,7.132984e-05,0.00121458,3.4024484e-05
2,0.017639372,0.00012776011,0.98207206,0.00016087426
0,0.99750596,5.7584173e-05,0.0024058765,3.070242e-05
0,0.99840707,5.981522e-05,0.0015006778,3.2394182e-05
0,0.99867,5.983097e-05,0.0012332427,3.693285e-05
0,0.9935322,0.0001338758,0.006248983,8.493058e-05
0,0.9975879,6.0000064e-05,0.002315029,3.6964964e-05
0,0.98680604,6.84468e-05,0.013069154,5.63028e-05
0,0.99738294,0.000106314925,0.0024560222,5.4726235e-05
0,0.9984164,0.00023634509,0.0012996922,4.750337e-05
0,0.87781304,0.015560237,0.105972104,0.0006545952
0,0.99761105,0.00010950074,0.002226937,5.243651e-05
2,0.0038362667,0.00016634625,0.9958352,0.00016217578
0,0.9978637,7.904463e-05,0.0020040448,5.327576e-05
0,0.9937471,0.00062524545,0.005460964,0.00016664715
0,0.99855095,9.411611e-05,0.0013149891,3.992918e-05
0,0.9986498,7.008482e-05,0.0012431935,3.6860045e-05
2,0.00092187204,0.0001048294,0.9989336,3.963363e-05
0,0.9856382,0.00046355973,0.013854926,4.3371154e-05
0,0.99867153,6.444059e-05,0.0012279119,3.621856e-05
0,0.99644876,0.00017718376,0.003299426,7.4586016e-05
0,0.9866035,0.00015725724,0.013194699,4.4617103e-05
0,0.9986966,0.00018037997,0.0010735831,4.940956e-05
0,0.99773055,0.00031688882,0.0018839836,6.8666e-05
0,0.997109,0.00023672808,0.0025958975,5.835363e-05
0,0.9902824,0.00037132346,0.009281918,6.440044e-05
2,0.4130203,0.00097498676,0.5858748,0.00012990441
0,0.9977228,8.429518e-05,0.0021355988,5.7260197e-05
0,0.9985851,6.752732e-05,0.0013105869,3.6785743e-05
0,0.9988349,6.649703e-05,0.0010533818,4.5258552e-05
0,0.99826306,7.575042e-05,0.0016208021,4.0309398e-05
0,0.99875927,6.258556e-05,0.001136218,4.185415e-05
0,0.9980362,7.128385e-05,0.0018564763,3.6054407e-05
0,0.9988576,6.76778e-05,0.0010334095,4.1370608e-05
0,0.99880075,7.119926e-05,0.0010835703,4.4468423e-05
0,0.9976178,4.906783e-05,0.0022970822,3.6039295e-05
0,0.99886864,9.4330106e-05,0.0009959869,4.1049112e-05
0,0.9988588,6.90127e-05,0.0010230243,4.9033006e-05
0,0.99891436,7.0103386e-05,0.0009685748,4.697336e-05
0,0.99888164,8.488901e-05,0.0009933285,4.009873e-05
0,0.9990735,0.0001135851,0.00076417933,4.866189e-05
0,0.9987103,5.8447346e-05,0.0011927972,3.8480724e-05
0,0.99877435,6.457322e-05,0.0011219699,3.916564e-05
0,0.9984005,6.4801694e-05,0.001500668,3.401496e-05
0,0.9986382,6.7136374e-05,0.0012593695,3.5240457e-05
0,0.99890494,8.13206e-05,0.0009693937,4.4299675e-05
0,0.9988104,7.668537e-05,0.0010621684,5.068593e-05
0,0.998007,6.1089726e-05,0.0018902654,4.1741023e-05
0,0.99862874,6.018008e-05,0.0012766937,3.4423785e-05
0,0.998845,7.7895675e-05,0.0010305305,4.6513636e-05
0,0.99886864,7.317796e-05,0.0010169956,4.1049112e-05
0,0.9983254,5.5640576e-05,0.0015760274,4.282808e-05
0,0.9985384,5.0573253e-05,0.0013732514,3.7729948e-05
0,0.9791626,3.9383984e-05,0.020763198,3.4892277e-05
0,0.9985734,5.0377857e-05,0.0013323482,4.3769036e-05
0,0.99889,6.370376e-05,0.0009994182,4.6880556e-05
0,0.98800683,4.8976253e-05,0.01191408,2.9997113e-05
0,0.876333,5.9958802e-05,0.12356431,4.268356e-05
0,0.9986004,5.0973067e-05,0.0013062945,4.234078e-05
0,0.9987558,6.234135e-05,0.0011391825,4.26795e-05
0,0.9970878,3.8795224e-05,0.0028433288,3.0213754e-05
0,0.9984946,6.147875e-05,0.00140816,3.5860237e-05
0,0.9989471,7.944016e-05,0.00092255994,5.0990762e-05
0,0.9961584,4.265173e-05,0.0037688047,3.0126694e-05
0,0.9107889,3.4549008e-05,0.08912968,4.685541e-05
0,0.9926829,4.016244e-05,0.0072462885,3.079361e-05
0,0.9974045,9.218977e-05,0.0024602762,4.3040025e-05
0,0.9987864,5.709776e-05,0.0011110291,4.55223e-05
0,0.9985959,5.3838052e-05,0.0013066076,4.3684617e-05
0,0.9988953,6.496056e-05,0.000991767,4.789891e-05
0,0.9987656,5.937104e-05,0.0011298627,4.5167108e-05
0,0.9986431,5.878686e-05,0.0012522475,4.5783247e-05
0,0.99855024,4.7882364e-05,0.0013569375,4.4981316e-05
0,0.9895074,6.360033e-05,0.010397268,3.1855576e-05
0,0.99854845,5.097042e-05,0.0013585924,4.200909e-05
0,0.99889696,6.7153764e-05,0.000989894,4.5974124e-05
0,0.99873334,7.880509e-05,0.0011407051,4.7148656e-05
0,0.9988796,6.767929e-05,0.0010077998,4.4908356e-05
0,0.99879044,5.96049e-05,0.0011060098,4.3949894e-05
0,0.99869484,6.806441e-05,0.0011940899,4.2927688e-05
0,0.99869233,6.740278e-05,0.0011914388,4.883371e-05
0,0.9987514,6.357064e-05,0.0011394732,4.552071e-05
0,0.9987721,6.982014e-05,0.0011080166,5.00935e-05
0,0.9988457,6.4577835e-05,0.0010445898,4.517073e-05
0,0.9982845,6.594319e-05,0.0016082235,4.1266198e-05
0,0.9983188,4.3163694e-05,0.0016004448,3.7574584e-05
0,0.9984767,5.6304983e-05,0.0014212591,4.5686305e-05
0,0.99880433,5.983902e-05,0.0010903077,4.552312e-05
0,0.99871945,5.7766945e-05,0.0011762523,4.659871e-05
0,0.99868494,5.0679562e-05,0.0012200843,4.4289918e-05
0,0.9986696,5.9714203e-05,0.0012240931,4.6596386e-05
0,0.99891436,6.508879e-05,0.00097200955,4.846445e-05
0,0.99855644,5.3626038e-05,0.0013447434,4.524593e-05
0,0.99866784,6.4440355e-05,0.0012142964,5.3422926e-05
0,0.99893314,6.420617e-05,0.0009529945,4.9614686e-05
0,0.998787,6.4953514e-05,0.0011040755,4.394974e-05
0,0.9985153,7.5179916e-05,0.0013765765,3.2907887e-05
0,0.9983798,0.00014181368,0.001436382,4.1838248e-05
0,0.9984523,7.400969e-05,0.0014379775,3.5718916e-05
0,0.98006433,6.692527e-05,0.01983063,3.8058464e-05
0,0.9986707,7.757846e-05,0.0012078413,4.385888e-05
0,0.99877554,6.5975626e-05,0.0011162567,4.2265572e-05
0,0.9986218,7.259054e-05,0.001271242,3.4289344e-05
0,0.9979012,4.4602253e-05,0.0020149134,3.9207902e-05
0,0.9978551,8.430635e-05,0.0020222121,3.8297887e-05
0,0.99833184,5.036567e-05,0.0015852994,3.2455067e-05
0,0.997818,5.1132476e-05,0.0020980746,3.282074e-05
0,0.9983455,4.7966132e-05,0.001570298,3.634845e-05
0,0.9975439,5.918272e-05,0.0023571297,3.97334e-05
0,0.99847573,6.725669e-05,0.001422473,3.4485798e-05
0,0.9495178,3.2539658e-05,0.050420977,2.8716147e-05
0,0.99849975,8.1446524e-05,0.0013821113,3.6782596e-05
0,0.99872893,9.017377e-05,0.0011398996,4.1123614e-05
0,0.99876106,8.521097e-05,0.0011157747,3.8034348e-05
0,0.99857426,6.6091285e-05,0.0013189182,4.0717663e-05
0,0.9989153,7.699359e-05,0.00096904865,3.8639264e-05
0,0.9984628,6.171741e-05,0.0014322114,4.3254317e-05
0,0.9986327,5.609423e-05,0.0012672275,4.3942953e-05
0,0.9985978,6.380964e-05,0.0012942282,4.4113396e-05
0,0.99877197,7.0093396e-05,0.0011071377,5.068398e-05
0,0.99888176,9.232631e-05,0.0009863207,3.970905e-05
0,0.9988105,6.9279464e-05,0.0010712509,4.893497e-05
0,0.9984181,5.6522033e-05,0.0014810396,4.4278084e-05
0,0.99867225,6.8462854e-05,0.0012205155,3.8856873e-05
0,0.9984977,6.244709e-05,0.0013982296,4.1517564e-05
0,0.99887615,5.914613e-05,0.0010174379,4.724759e-05
0,0.9987539,5.9836e-05,0.0011422265,4.3948286e-05
0,0.99876225,6.28307e-05,0.0011307731,4.412066e-05
0,0.9986438,6.4438806e-05,0.0012428825,4.8926802e-05
0,0.9988397,7.40384e-05,0.0010432454,4.2933912e-05
0,0.9988476,7.092501e-05,0.0010390597,4.2434058e-05
0,0.9988802,7.8050725e-05,0.0009946619,4.715559e-05
0,0.99871945,6.356861e-05,0.0011696657,4.742507e-05
0,0.99797314,5.286696e-05,0.0019274822,4.6473036e-05
0,0.99833363,5.574981e-05,0.0015695126,4.1187697e-05
0,0.99829465,7.285077e-05,0.0015864017,4.6216413e-05
0,0.99858105,5.2795942e-05,0.0013291095,3.7001762e-05
0,0.9989453,7.0242626e-05,0.0009362861,4.8277e-05
0,0.99855846,6.208603e-05,0.0013323282,4.7048423e-05
0,0.99875784,6.740721e-05,0.0011256381,4.921994e-05
0,0.99469453,0.0001390997,0.0051212194,4.5159057e-05
0,0.99897885,7.304322e-05,0.0008967183,5.1492796e-05
0,0.99878806,9.674807e-05,0.001063507,5.1684467e-05
0,0.9989164,8.357583e-05,0.00094648625,5.354069e-05
0,0.99896264,7.2615316e-05,0.0009155066,4.9133974e-05
0,0.9987777,7.850133e-05,0.0010962508,4.7613466e-05
0,0.99893755,6.768321e-05,0.00094905164,4.570739e-05
0,0.99892884,0.00010710544,0.00091491704,4.922837e-05
0,0.9989537,6.6895765e-05,0.00093378295,4.561894e-05
0,0.99881375,6.5720924e-05,0.0010732505,4.7244637e-05
0,0.9990345,9.0731446e-05,0.0008220172,5.2716852e-05
0,0.99898154,0.0001040186,0.0008586914,5.5785993e-05
0,0.9984982,5.1067498e-05,0.0014147122,3.60711e-05
0,0.9981213,5.6065506e-05,0.0017837652,3.8911367e-05
0,0.9989843,8.573088e-05,0.00088206684,4.7903177e-05
0,0.9989686,7.565605e-05,0.0009055089,5.029945e-05
0,0.9967558,0.002010636,0.0011267638,0.000106872445
0,0.9989489,6.901892e-05,0.00093127403,5.0891365e-05
0,0.9966313,5.8211874e-05,0.0032679602,4.258872e-05
0,0.9964824,8.0649435e-05,0.003391004,4.595266e-05
0,0.9987795,6.597588e-05,0.0011065716,4.7986985e-05
0,0.99887735,6.43281e-05,0.0010106926,4.7618218e-05
0,0.99709606,5.159691e-05,0.0028157204,3.6587688e-05
0,0.9981281,7.603662e-05,0.001749276,4.648025e-05
0,0.9983346,7.242806e-05,0.0015531236,3.9920524e-05
0,0.997682,7.0153794e-05,0.0022016866,4.6097924e-05
0,0.99828404,6.964986e-05,0.00160783,3.8389255e-05
0,0.9974572,5.7806723e-05,0.0024376856,4.736513e-05
0,0.9976427,6.906345e-05,0.0022538095,3.4322693e-05
0,0.9973335,6.904204e-05,0.0025518627,4.554495e-05
0,0.99714416,6.056192e-05,0.002746601,4.8758007e-05
0,0.9982942,5.350734e-05,0.0016153218,3.6991132e-05
0,0.99866176,0.00011177804,0.0011842521,4.2096e-05
0,0.9979938,5.8291454e-05,0.0019125221,3.5355555e-05
0,0.99848384,6.052495e-05,0.0014100368,4.568663e-05
0,0.9981481,6.936887e-05,0.0017471767,3.536102e-05
0,0.99844605,6.4174856e-05,0.0014496004,4.0238116e-05
0,0.99052024,5.477595e-05,0.009384419,4.0468218e-05
0,0.9956358,6.919428e-05,0.00425381,4.1237166e-05
0,0.99810094,5.8984904e-05,0.0017994752,4.0618947e-05
0,0.9985421,6.832036e-05,0.001349493,4.0163468e-05
0,0.99753594,5.182171e-05,0.002374438,3.783959e-05
0,0.9986804,5.9831596e-05,0.001221718,3.795707e-05
0,0.9986957,6.507454e-05,0.0011981793,4.1122243e-05
0,0.99852544,5.9472808e-05,0.0013735689,4.1599884e-05
0,0.99844754,6.11167e-05,0.0014524366,3.8924085e-05
0,0.99744093,7.0273956e-05,0.0024352665,5.356613e-05
0,0.9989491,6.572983e-05,0.000940069,4.5175406e-05
0,0.9987606,6.0070593e-05,0.0011369132,4.2430358e-05
0,0.9986451,6.8997935e-05,0.0012387189,4.714449e-05
0,0.99881005,5.353499e-05,0.0010941472,4.226703e-05
0,0.9983961,6.417165e-05,0.0014975504,4.2167077e-05
0,0.9978321,6.7608315e-05,0.0020675946,3.275716e-05
0,0.9986773,8.570454e-05,0.0011969513,4.0012303e-05
0,0.99861944,8.981237e-05,0.0012509621,3.9931914e-05
0,0.9986696,6.873063e-05,0.0012223014,3.9391663e-05
0,0.99857163,6.8189074e-05,0.001312811,4.732553e-05
0,0.9963354,3.8389222e-05,0.003589839,3.6346184e-05
0,0.9982693,5.79669e-05,0.0016283483,4.435804e-05
0,0.9979699,4.5931458e-05,0.0019444914,3.9672803e-05
0,0.9988166,6.0782088e-05,0.0010828271,3.9861872e-05
0,0.99870825,5.8219364e-05,0.0011873471,4.6145342e-05
0,0.99883467,6.701856e-05,0.0010538318,4.455687e-05
0,0.9982364,7.2988936e-05,0.0016515154,3.9144546e-05
0,0.9985851,6.481367e-05,0.0013045216,4.5602108e-05
0,0.99876225,6.0070695e-05,0.0011322408,4.5343728e-05
0,0.9985084,5.1267893e-05,0.001402347,3.8024726e-05
0,0.99707747,0.00012090505,0.0027666062,3.5048204e-05
0,0.99879956,7.774016e-05,0.001083106,3.955099e-05
0,0.9985051,5.2381096e-05,0.0014020001,4.0635394e-05
0,0.9985979,7.71196e-05,0.0012815337,4.3429493e-05
0,0.99855715,6.136263e-05,0.0013386843,4.2838023e-05
0,0.99857116,9.05124e-05,0.0013017991,3.649896e-05
0,0.99868125,6.635707e-05,0.0012161393,3.6289726e-05
0,0.99865085,0.00021046441,0.0010928382,4.5783603e-05
0,0.9987042,8.53727e-05,0.0011716665,3.8858117e-05
0,0.99871325,0.00030564552,0.0009300321,5.1078496e-05
0,0.99579006,6.0479677e-05,0.004109503,3.9974624e-05
0,0.99850035,8.19252e-05,0.0013811,3.6639216e-05
0,0.9970697,0.0010282596,0.0018223616,7.96012e-05
0,0.9981299,0.00047589684,0.0013444972,4.9574788e-05
0,0.9983621,0.00016774837,0.0014252657,4.488509e-05
0,0.9984919,0.00012084033,0.001348437,3.8774055e-05
0,0.9969964,9.828713e-05,0.0028709685,3.4367516e-05
0,0.99634403,0.00023242478,0.0033781393,4.5410987e-05
0,0.99871635,7.2739334e-05,0.0011739893,3.693457e-05
0,0.99856395,0.00025015514,0.0011373833,4.854217e-05
0,0.99858993,6.872515e-05,0.0013094739,3.1897798e-05
0,0.9987042,5.5228524e-05,0.001201045,3.9470044e-05
0,0.9986714,8.773644e-05,0.0011995313,4.1362895e-05
0,0.99764085,4.8877664e-05,0.002277034,3.333167e-05
0,0.99830556,5.6847784e-05,0.0016023784,3.5091372e-05
0,0.99390113,7.981453e-05,0.005991307,2.7691118e-05
0,0.9977235,0.00026788967,0.0019603348,4.8312228e-05
0,0.9985071,0.00011197923,0.0013474703,3.3425837e-05
0,0.99872667,8.130608e-05,0.0011511184,4.0803494e-05
0,0.9987821,9.865567e-05,0.0010817657,3.744547e-05
0,0.9976082,0.0007563812,0.0015634025,7.209319e-05
0,0.99788994,5.616209e-05,0.0020237644,3.0238061e-05
0,0.9987381,7.504996e-05,0.0011439612,4.2929547e-05
0,0.998862,8.9135094e-05,0.0010123441,3.6438356e-05
0,0.9986307,8.420724e-05,0.0012503992,3.4761666e-05
0,0.9983241,6.7906396e-05,0.0015748715,3.309493e-05
0,0.9989454,9.090072e-05,0.0009253782,3.833973e-05
0,0.9982748,9.137351e-05,0.0015941351,3.968492e-05
0,0.998505,5.912415e-05,0.0014026845,3.323048e-05
0,0.9984503,0.00026625843,0.0012396117,4.38492e-05
0,0.99875593,7.274222e-05,0.0011369078,3.436099e-05
0,0.9987739,6.597551e-05,0.0011235455,3.650637e-05
0,0.99869114,6.282623e-05,0.0012126676,3.3366763e-05
0,0.99846256,9.709507e-05,0.0014046811,3.571928e-05
0,0.9986966,6.833093e-05,0.0011937277,4.136394e-05
0,0.9988625,9.178515e-05,0.001010246,3.5524827e-05
0,0.9987062,6.1853134e-05,0.001190465,4.1445204e-05
0,0.9977748,0.0005996167,0.0015717009,5.3898948e-05
0,0.9986319,6.532507e-05,0.001265835,3.6859386e-05
0,0.99743205,9.699486e-05,0.0024400058,3.0880557e-05
0,0.99889815,0.00017215454,0.0008880407,4.1534215e-05
0,0.9976615,0.0009750661,0.001287345,7.6149656e-05
0,0.99887496,9.341399e-05,0.0009944139,3.7230162e-05
0,0.9986765,0.00014635881,0.0011386229,3.8630027e-05
0,0.9985586,9.229644e-05,0.0013154405,3.368973e-05
0,0.9983614,6.764418e-05,0.0015354455,3.5576424e-05
2,0.00027205492,0.00013787072,0.9994779,0.0001120881
2,0.0002924789,5.192897e-05,0.9996007,5.4955148e-05
2,0.00031316013,5.284789e-05,0.9995635,7.0423506e-05
2,0.00034917984,4.783675e-05,0.9995493,5.3679363e-05
2,0.00037512055,9.04137e-05,0.99943227,0.00010225224
2,0.00026708964,5.8500173e-05,0.999613,6.154761e-05
2,0.00027262227,6.0593095e-05,0.999608,5.8843656e-05
2,0.0003022875,0.000103654784,0.9993837,0.00021041332
2,0.001893559,8.563144e-05,0.99782556,0.00019524814
2,0.0019151758,7.528166e-05,0.9979157,9.387271e-05
2,0.00047046252,6.850854e-05,0.9993387,0.00012236844
2,0.0012653624,0.00021521324,0.99752814,0.0009912562
2,0.0015286087,0.00013396025,0.99805,0.0002874977
2,0.0008457241,9.5631825e-05,0.99890196,0.00015674908
2,0.0010827053,0.00014774958,0.99836904,0.0004004501
2,0.0003432337,7.569354e-05,0.9994636,0.00011746564
2,0.00057352573,8.5915584e-05,0.9991831,0.00015740687
2,0.0004718584,5.2837746e-05,0.9993717,0.00010365353
2,0.00042297484,7.422331e-05,0.99938047,0.00012237356
2,0.00036355382,8.088251e-05,0.9993623,0.00019327062
2,0.00035104298,6.946282e-05,0.9994999,7.963951e-05
2,0.00029477282,4.926148e-05,0.9996008,5.5170247e-05
2,0.0005449176,0.0002606895,0.9978218,0.001372601
2,0.0003212133,5.1724608e-05,0.99956375,6.3250656e-05
2,0.00029132818,6.475068e-05,0.99956495,7.9024896e-05
2,0.00033433366,4.925941e-05,0.99955875,5.7702677e-05
2,0.0003539722,5.8837817e-05,0.99950874,7.8405516e-05
2,0.00037294975,5.826482e-05,0.999488,8.073485e-05
2,0.00025214246,4.3052318e-05,0.99964,6.4882144e-05
2,0.00050744717,6.744592e-05,0.9993315,9.363939e-05
2,0.0004636002,9.9286226e-05,0.99929345,0.00014361663
2,0.09893083,5.251824e-05,0.9009099,0.0001067132
0,0.86353487,4.1408122e-05,0.13636446,5.9314396e-05
2,0.00038293097,3.6964728e-05,0.99953187,4.821109e-05
2,0.00027799493,6.3998064e-05,0.99959236,6.564382e-05
2,0.000255609,6.0950086e-05,0.9996228,6.071246e-05
2,0.00022294944,6.5903725e-05,0.9996376,7.3520925e-05
2,0.000280999,5.6478435e-05,0.99959844,6.412357e-05
2,0.0002566124,5.6150497e-05,0.9996344,5.2748506e-05
2,0.00026422666,8.645463e-05,0.99957806,7.125467e-05
2,0.00032881598,7.3368756e-05,0.999519,7.886708e-05
2,0.00038474004,0.0001343986,0.9993622,0.00011860635
2,0.0002904816,6.1066894e-05,0.9995845,6.399756e-05
2,0.00024775122,5.3475418e-05,0.99964905,4.9650243e-05
2,0.00023525483,5.8160615e-05,0.99965096,5.5605742e-05
2,0.00024106195,7.496978e-05,0.9996215,6.239539e-05
2,0.00026630954,6.2273386e-05,0.99961746,5.3998487e-05
2,0.00040127477,7.350701e-05,0.9994485,7.673436e-05
2,0.00024509884,6.3254694e-05,0.9996276,6.400032e-05
2,0.000512379,0.00017020674,0.9992379,7.961863e-05
2,0.00032691375,5.0527055e-05,0.9995766,4.5826047e-05
2,0.00026944315,7.0425864e-05,0.999597,6.312933e-05
2,0.00024059424,5.770694e-05,0.9996326,6.906616e-05
2,0.0057457914,0.00010826082,0.99405044,9.553983e-05
2,0.00025411055,7.659644e-05,0.9996026,6.667824e-05
2,0.0003038285,5.692068e-05,0.9995857,5.3576565e-05
1,9.958805e-05,0.96205163,6.952366e-05,0.03777938
1,6.187473e-05,0.98934597,6.371428e-05,0.010528389
1,8.921764e-05,0.99394614,7.16884e-05,0.00589293
1,8.159163e-05,0.9905579,4.881584e-05,0.009311741
1,9.3828414e-05,0.9916175,6.6274915e-05,0.008222357
1,7.5290525e-05,0.9922024,5.7389992e-05,0.0076648574
1,0.000102048645,0.98774916,6.201665e-05,0.012086734
1,5.7909558e-05,0.9895209,5.4188906e-05,0.010366995
1,9.08854e-05,0.9832925,5.7770278e-05,0.016558876
1,7.648601e-05,0.98846126,6.632254e-05,0.011395958
1,0.000107594984,0.99568534,7.195424e-05,0.0041352366
1,9.5632444e-05,0.99501413,8.244033e-05,0.00480779
1,7.291707e-05,0.983712,6.4474894e-05,0.016150616
1,5.1384093e-05,0.9833335,5.5559452e-05,0.016559567
1,8.451517e-05,0.9848183,7.0339775e-05,0.01502687
1,9.65406e-05,0.9908236,6.5450346e-05,0.009014456
1,6.355328e-05,0.97725564,5.4148066e-05,0.022626534
1,7.9639925e-05,0.69504666,4.180368e-05,0.30483183
1,7.564569e-05,0.98334634,5.0588118e-05,0.01652747
1,0.00016718087,0.9949846,8.966042e-05,0.0047586015
1,7.4810094e-05,0.9936034,7.8400306e-05,0.0062433314
1,8.3419785e-05,0.98736167,6.496739e-05,0.012489886
1,7.838816e-05,0.99151105,7.582816e-05,0.00833465
1,7.042634e-05,0.9707431,4.3728698e-05,0.029142644
1,8.721134e-05,0.7822243,4.7974903e-05,0.21764052
1,0.00017817077,0.9711712,0.00011481123,0.028535787
1,6.2106985e-05,0.989188,5.743957e-05,0.01069248
1,0.000101679056,0.98609585,7.58572e-05,0.0137266535
1,6.63918e-05,0.9856359,7.263284e-05,0.014225067
1,6.1812374e-05,0.9321017,5.1044473e-05,0.067785494
1,8.985252e-05,0.8154137,4.8471797e-05,0.18444799
1,6.001777e-05,0.873775,3.9669318e-05,0.12612534
1,0.00010483867,0.9931854,9.25198e-05,0.006617297
1,8.3246465e-05,0.9833878,6.521341e-05,0.016463729
1,7.148622e-05,0.99114287,7.120751e-05,0.008714357
3,7.6049386e-05,0.29337165,3.5923185e-05,0.70651644
1,9.083151e-05,0.9923534,6.736856e-05,0.0074884393
1,8.743319e-05,0.9932777,7.4785574e-05,0.006560001
1,6.252912e-05,0.9804714,6.787473e-05,0.019398231
1,6.57928e-05,0.984404,6.302565e-05,0.015467113
1,7.5957774e-05,0.98933357,5.1899966e-05,0.0105385445
1,5.489928e-05,0.9754522,4.9019534e-05,0.024443826
1,8.304367e-05,0.9925558,6.256234e-05,0.0072986223
1,8.1071594e-05,0.99584633,8.059795e-05,0.003992053
3,0.00014127739,0.2490315,6.0525763e-05,0.75076675
1,7.646448e-05,0.7415619,7.4693184e-05,0.25828692
1,0.026836475,0.9182566,0.0012423542,0.05366468
1,0.00012143573,0.9956031,7.96395e-05,0.0041959104
1,8.8928406e-05,0.9791814,6.725791e-05,0.020662459
1,7.8938014e-05,0.9926327,7.062151e-05,0.007217673
1,7.3482835e-05,0.8869016,4.7629776e-05,0.11297733
1,8.2916304e-05,0.6117517,7.119965e-05,0.38809428
1,8.326519e-05,0.890354,6.384164e-05,0.10949905
1,5.8112604e-05,0.97378427,5.4591736e-05,0.026102971
3,4.081923e-05,0.065003745,3.5882407e-05,0.9349196
1,7.6547236e-05,0.98347306,6.547432e-05,0.016384957
3,4.4015313e-05,0.018994799,3.1211533e-05,0.98093
1,7.113504e-05,0.9862738,5.9319576e-05,0.0135957105
1,6.7375615e-05,0.9286926,4.5233843e-05,0.0711947
1,0.00013059648,0.99411905,0.00012485965,0.005625425
1,0.00010047835,0.9878654,8.678709e-05,0.0119473245
1,9.242177e-05,0.9901972,8.784565e-05,0.0096226055
1,0.00012762829,0.70525134,5.3830532e-05,0.29456726
1,7.312092e-05,0.9922591,5.476504e-05,0.0076130745
3,9.5231626e-05,0.012843702,8.034985e-05,0.98698074
1,6.333064e-05,0.9853115,5.332975e-05,0.014571837
1,6.41516e-05,0.992253,5.863931e-05,0.0076241875
1,6.437244e-05,0.9937261,6.839041e-05,0.0061412957
1,5.7200672e-05,0.96980166,4.3857275e-05,0.030097295
1,4.4075703e-05,0.9708321,3.5277753e-05,0.029088449
1,3.8625418e-05,0.9565593,3.969615e-05,0.043362405
1,7.908326e-05,0.9925188,6.817403e-05,0.007334073
1,7.224193e-05,0.98609203,6.879923e-05,0.013766875
3,8.892131e-05,0.22984806,5.351379e-05,0.77000946
1,7.391166e-05,0.9932423,6.612471e-05,0.006617676
3,7.825513e-05,0.034877032,3.2304575e-05,0.96501243
1,0.00016001465,0.98256487,6.936121e-05,0.017205764
3,6.1111765e-05,0.009303026,3.8168146e-05,0.99059767
1,8.80207e-05,0.9863739,6.00249e-05,0.013478108
1,7.052342e-05,0.9951337,7.0111404e-05,0.004725737
1,6.053239e-05,0.988902,5.1877323e-05,0.010985708
1,7.714197e-05,0.9930519,7.7747e-05,0.0067931837
3,0.00010457171,0.34504688,6.467691e-05,0.6547839
1,6.362624e-05,0.98797894,4.3644304e-05,0.011913743
1,9.7555116e-05,0.9953864,7.335137e-05,0.0044427156
1,6.090192e-05,0.98526984,5.5235632e-05,0.014613972
1,8.704667e-05,0.91994524,5.3418822e-05,0.0799143
1,0.00015831862,0.99326247,7.348134e-05,0.0065056733
1,0.00013375275,0.98489445,8.979734e-05,0.014881989
1,4.793058e-05,0.95378286,5.410072e-05,0.04611504
1,6.987004e-05,0.7768816,3.3133445e-05,0.22301544
1,6.959083e-05,0.9858176,6.4612905e-05,0.014048208
1,7.380125e-05,0.9936977,5.1320716e-05,0.006177209
1,0.00019620486,0.9968568,9.249977e-05,0.002854493
1,0.00010856799,0.99298453,5.7660025e-05,0.006849342
1,7.3690586e-05,0.9883392,5.829405e-05,0.011528867
1,0.0018059885,0.99101067,0.00013590409,0.007047552
1,0.0003580274,0.5928632,0.00010521441,0.4066735
1,6.440147e-05,0.98643756,4.5312096e-05,0.013452677
1,0.00011355555,0.9929783,9.5623356e-05,0.0068126097
1,0.00013974308,0.9953993,6.237502e-05,0.0043985234
1,9.816969e-05,0.97845376,8.2990715e-05,0.021365017
1,9.827113e-05,0.9948891,8.537943e-05,0.004927195
1,0.000116946474,0.99504626,7.093162e-05,0.0047658724
1,0.00011673454,0.99518484,8.811585e-05,0.004610308
1,9.616894e-05,0.9947503,8.050925e-05,0.005072974
1,0.00043535704,0.9969887,0.00012400319,0.0024520564
1,0.00010178525,0.9948678,7.549278e-05,0.0049548345
1,8.628146e-05,0.99368674,6.4874745e-05,0.0061620786
1,0.00013212838,0.984402,8.922808e-05,0.01537672
1,0.00011121796,0.99560046,8.627895e-05,0.00420205
1,7.334316e-05,0.9933329,7.4935946e-05,0.0065188543
1,0.00011863477,0.9957046,7.4239746e-05,0.0041026347
1,8.3463994e-05,0.9898164,5.8839065e-05,0.010041225
1,8.5050284e-05,0.98911977,6.161941e-05,0.010733589
1,0.00010396914,0.9946137,8.3378545e-05,0.005198906
1,8.590819e-05,0.9855306,7.640833e-05,0.014307134
1,9.251697e-05,0.99121726,5.985023e-05,0.008630318
1,0.000115577284,0.9949883,6.8611145e-05,0.00482766
1,0.00015638705,0.9907725,9.672435e-05,0.008974466
1,8.4847394e-05,0.9733612,7.725443e-05,0.026476646
1,9.919366e-05,0.9925291,5.900032e-05,0.007312694
1,0.00012003672,0.9957337,7.644915e-05,0.0040698326
1,0.00018831163,0.99681145,0.000122058984,0.0028781549
1,7.1401846e-05,0.9919086,5.6043955e-05,0.0079639405
1,4.8313992e-05,0.9919309,6.0599323e-05,0.007960232
1,7.3577976e-05,0.9829816,6.467919e-05,0.016880132
1,6.604622e-05,0.9940029,6.376462e-05,0.005867425
1,5.7474997e-05,0.92620426,4.9935148e-05,0.07368835
1,0.00019832887,0.99590886,0.000110171255,0.0037826071
1,6.200825e-05,0.9914808,6.56218e-05,0.008391565
1,9.7999706e-05,0.99408084,7.797973e-05,0.0057431622
1,8.269452e-05,0.9768677,5.349598e-05,0.022996172
1,7.305347e-05,0.9932817,5.939204e-05,0.0065857028
1,0.00012671595,0.9893847,9.270736e-05,0.0103959795
1,0.0004261962,0.88347524,0.00021180818,0.11588674
1,8.558425e-05,0.9914494,6.549169e-05,0.008399497
1,9.332347e-05,0.9901412,6.314582e-05,0.009702264
1,8.074538e-05,0.9860449,4.0760242e-05,0.013833598
1,9.612662e-05,0.95809054,4.5229976e-05,0.041767973
1,0.00010029935,0.9880334,6.760136e-05,0.011798615
1,5.7969188e-05,0.9866781,4.2411164e-05,0.013221495
1,9.9189536e-05,0.9924878,8.287596e-05,0.007330264
1,8.719319e-05,0.96760523,5.9576843e-05,0.032248035
3,0.00018915361,0.42479253,3.8279064e-05,0.57498
1,8.208992e-05,0.9907849,7.03525e-05,0.009062649
1,6.0549177e-05,0.97194034,4.7711605e-05,0.027951373
1,0.00011143823,0.9226035,5.95322e-05,0.07722559
1,7.842282e-05,0.9689709,4.5565288e-05,0.030905126
1,9.835285e-05,0.9918345,6.475382e-05,0.008002325
1,9.195292e-05,0.99290085,7.4320444e-05,0.00693288
1,8.853531e-05,0.95227075,4.4431486e-05,0.047596324
1,7.811021e-05,0.9841436,5.6260677e-05,0.015721874
1,8.2105515e-05,0.9718059,5.512303e-05,0.02805689
1,7.1292285e-05,0.9788482,5.8643436e-05,0.021021722
1,8.675972e-05,0.98755383,6.080511e-05,0.012298642
1,0.00014189155,0.9950336,7.609755e-05,0.0047483915
1,8.5526546e-05,0.99465865,7.696556e-05,0.0051788716
1,8.7250475e-05,0.77345806,4.2855987e-05,0.22641186
1,9.379207e-05,0.85449654,7.6550845e-05,0.14533305
1,9.586156e-05,0.99157083,7.5095784e-05,0.008258183
1,9.989481e-05,0.99564797,8.662076e-05,0.0041654794
1,0.00014824774,0.99588263,8.647213e-05,0.0038827388
1,0.00013868327,0.99365556,7.979481e-05,0.006125886
1,8.576022e-05,0.98961467,6.237696e-05,0.010237183
1,8.215634e-05,0.9954674,7.207913e-05,0.004378468
1,7.0065515e-05,0.9925419,5.740963e-05,0.007330664
1,0.00094916,0.9941854,0.00016607066,0.0046993843
1,6.22996e-05,0.9903198,5.9562924e-05,0.009558233
1,9.935901e-05,0.9961273,8.109447e-05,0.0036921862
1,8.291378e-05,0.97563916,6.7014604e-05,0.024210919
1,0.00010758805,0.99562114,8.444682e-05,0.004186777
1,7.810305e-05,0.9917713,6.226918e-05,0.008088236
1,6.968294e-05,0.98712236,6.246338e-05,0.01274558
1,9.927481e-05,0.9894685,7.5819895e-05,0.0103563275
1,0.0001560382,0.9963159,9.613235e-05,0.0034319733
1,0.00010949926,0.99565107,8.7642096e-05,0.0041517853
1,5.761488e-05,0.9922071,5.1645642e-05,0.0076836296
1,6.477085e-05,0.97671425,4.8133606e-05,0.023172894
1,0.00014355185,0.9237784,0.00010139665,0.075976595
3,4.0837065e-05,0.12125899,4.0677864e-05,0.8786595
1,0.00010592219,0.9389791,6.178387e-05,0.06085324
1,0.0001111655,0.9912512,7.419696e-05,0.00856345
1,0.000105282015,0.993497,8.459648e-05,0.006313166
3,6.208783e-05,0.005196788,4.695797e-05,0.9946942
1,7.808254e-05,0.98764545,6.0573668e-05,0.012215989
1,4.5485653e-05,0.7772293,4.5308323e-05,0.22267991
1,0.00021853739,0.9914055,0.0001071325,0.008268909
1,7.5335425e-05,0.99085695,5.7312172e-05,0.00901036
1,6.4036954e-05,0.98469305,5.5636265e-05,0.01518723
1,0.0001419935,0.9957486,7.280703e-05,0.004036743
1,7.291032e-05,0.9932736,5.1701158e-05,0.006601746
1,9.590187e-05,0.9958704,7.353052e-05,0.0039601163
1,6.702196e-05,0.9719421,3.9554383e-05,0.027951423
1,9.797912e-05,0.9958152,7.888236e-05,0.004008042
3,9.237386e-05,0.002408671,5.273594e-05,0.9974462
3,8.761672e-05,0.002543713,5.998327e-05,0.99730873
1,0.00024210123,0.99611855,0.0001170725,0.0035222177
1,0.00018086824,0.99554956,9.4569165e-05,0.004174993
1,0.0003121362,0.98276675,0.00020874133,0.016712436
1,0.0002665728,0.99670476,0.00011968533,0.0029089279
3,8.4215244e-05,0.35127103,2.9678034e-05,0.64861506
1,7.770075e-05,0.9944013,6.594377e-05,0.0054552276
1,0.00013196509,0.99477494,7.174818e-05,0.0050213467
1,0.00015361693,0.99048144,8.1267266e-05,0.009283784
1,0.00036287104,0.9965119,0.00014490508,0.0029802439
1,8.818309e-05,0.97859037,7.827864e-05,0.021243162
1,0.00014682785,0.99408025,7.998499e-05,0.0056929025
1,7.273498e-05,0.97171956,7.105008e-05,0.028136708
1,0.0001128897,0.9929569,6.7673354e-05,0.006862541
1,0.0002204118,0.99601066,7.411766e-05,0.0036949103
1,0.00011950307,0.995187,7.3623705e-05,0.0046198955
3,8.602379e-05,0.007154682,0.00010315828,0.9926561
1,0.00012378265,0.9874709,5.9391576e-05,0.012345741
1,0.00016819089,0.97589976,6.677117e-05,0.023865223
1,6.674627e-05,0.9908982,9.016845e-05,0.008944978
1,0.00015402284,0.9969856,0.000102801925,0.0027575854
1,9.76959e-05,0.9929367,6.6233595e-05,0.0068993596
1,7.8191864e-05,0.9851724,6.5331755e-05,0.014684051
1,8.766032e-05,0.99585813,7.571567e-05,0.0039784797
1,9.1939226e-05,0.992753,6.220919e-05,0.007092768
1,0.00011891302,0.9922091,6.683457e-05,0.0076052607
1,0.00012321584,0.99259526,8.534912e-05,0.007196286
1,0.00021671559,0.99667454,8.586743e-05,0.0030228691
1,0.000102116304,0.9942123,7.4709875e-05,0.005610864
1,0.00013745789,0.98487574,6.1355015e-05,0.014925368
1,0.00017317195,0.95691764,7.775042e-05,0.04283142
1,0.00027500457,0.98306286,0.000107064174,0.01655501
1,0.00015805686,0.99550134,8.009933e-05,0.0042605107
3,0.00010168,0.025247416,3.432566e-05,0.9746166
1,9.189016e-05,0.99028707,6.788802e-05,0.009553251
1,0.0005194851,0.99592966,0.00011256618,0.0034382942
1,0.000119141594,0.9941163,9.6483804e-05,0.005668146
1,8.405505e-05,0.8576409,6.419599e-05,0.1422108
1,0.0001952373,0.9958234,8.834478e-05,0.0038930674
1,0.00024753384,0.99487793,0.00013379555,0.0047406987
1,0.00013103244,0.99354917,7.379022e-05,0.006246039
1,0.00010368245,0.9880042,7.084352e-05,0.011821331
1,7.6079574e-05,0.99285734,7.6228316e-05,0.0069903615
1,0.00012310603,0.99364954,8.510667e-05,0.0061423224
1,0.00035019242,0.9357539,0.00015479111,0.06374107
1,0.000114635535,0.9640199,9.338024e-05,0.03577204
1,0.00011894612,0.9828402,6.391646e-05,0.016976887
1,0.0001524959,0.99290234,8.63819e-05,0.0068588145
1,0.00032458935,0.6969269,6.2434825e-05,0.30268607
1,0.000104935105,0.9863629,9.36965e-05,0.013438529
1,7.930479e-05,0.98948425,5.974559e-05,0.010376739
1,0.00017435059,0.99595636,0.00012931354,0.0037400867
1,0.000115469324,0.9960024,8.480981e-05,0.003797305
1,7.4264295e-05,0.9902148,5.9789705e-05,0.00965101
1,6.135322e-05,0.98484695,9.373539e-05,0.014997986
1,7.6149685e-05,0.9937723,6.0711816e-05,0.0060908124
1,0.0001169604,0.99516475,7.135695e-05,0.004646941
1,0.00013037045,0.99239844,7.327416e-05,0.00739792
1,7.75394e-05,0.99233633,6.491325e-05,0.0075212913
1,0.000105348656,0.99412584,5.616923e-05,0.0057126563
1,0.00016586532,0.9890849,8.912878e-05,0.01066009
1,0.00026650992,0.9964696,0.000103150865,0.0031607223
1,9.9925746e-05,0.9901376,7.920231e-05,0.009683298
1,0.00010819746,0.9915303,6.32344e-05,0.008298265
1,9.8313e-05,0.9933709,7.5085314e-05,0.0064557507
1,8.3640654e-05,0.98997587,5.337331e-05,0.009887143
1,6.825905e-05,0.98795074,5.5820332e-05,0.011925044
1,8.982619e-05,0.99487925,6.520683e-05,0.0049657915
1,8.630816e-05,0.9939942,8.076292e-05,0.005838794
1,0.000120401935,0.9948695,7.461338e-05,0.0049355254
1,0.000109322886,0.9959907,6.735187e-05,0.0038326527
3,5.6032477e-05,0.082686074,8.026281e-05,0.9171777
1,9.075316e-05,0.9934356,7.407057e-05,0.0063996757
1,7.785726e-05,0.99058306,8.15937e-05,0.009257575
1,0.00011832108,0.9950132,7.4770054e-05,0.00479372
1,7.040146e-05,0.9934128,7.040146e-05,0.0064465725
1,6.4242726e-05,0.9897885,5.725037e-05,0.010090091
1,0.00010267755,0.9957794,7.903373e-05,0.004038839
1,7.45132e-05,0.991595,6.8110574e-05,0.008262416
1,0.00011821763,0.9941433,6.735838e-05,0.0056710676
1,0.00016412204,0.97487396,9.935082e-05,0.024862556
1,5.9569164e-05,0.9865623,5.4450622e-05,0.013323627
1,5.4611683e-05,0.9894805,5.768144e-05,0.010407145
1,0.0001617878,0.995395,5.5369004e-05,0.004387779
1,9.1016904e-05,0.99437875,6.4540654e-05,0.005465769
1,6.5055436e-05,0.98100555,6.2563195e-05,0.018866848
1,6.7751156e-05,0.9921588,5.2661697e-05,0.0077208625
3,6.466282e-05,0.007503258,5.5093413e-05,0.9923769
1,8.718921e-05,0.99438274,6.685028e-05,0.0054631233
1,7.2838535e-05,0.9807351,5.2055355e-05,0.019139972
1,0.00015415075,0.99586654,8.7148925e-05,0.003892286
1,9.1320886e-05,0.9938101,7.5559954e-05,0.006023022
1,0.0001051542,0.9922909,6.8291636e-05,0.007535651
1,8.462323e-05,0.9745892,5.485071e-05,0.025271375
1,7.9361394e-05,0.99212635,6.2291474e-05,0.007731928
1,5.5645225e-05,0.9733778,3.7651444e-05,0.026528863
1,6.0907787e-05,0.98922145,5.6110883e-05,0.010661562
1,8.795068e-05,0.7016229,4.0582578e-05,0.29824856
1,0.00013183583,0.99574345,8.495353e-05,0.00403968
1,0.00018850013,0.99391925,8.380996e-05,0.0058084982
1,0.00014362404,0.9954489,8.3285726e-05,0.0043242075
1,9.7189484e-05,0.99553704,7.379359e-05,0.004291984
3,4.8766193e-05,0.10594031,2.651372e-05,0.89398444
1,0.00010150818,0.99604285,8.581301e-05,0.0037697474
1,0.000102750935,0.9945468,9.447391e-05,0.005255983
1,7.264941e-05,0.9592687,4.6723115e-05,0.040611926
1,8.847128e-05,0.9933615,7.220817e-05,0.0064777923
1,8.055543e-05,0.99532086,6.188473e-05,0.0045366823
1,0.00010261578,0.99518037,8.9154135e-05,0.0046277666
1,0.000118742595,0.98885393,7.972002e-05,0.010947691
1,7.908973e-05,0.9848755,6.159514e-05,0.014983782
1,8.2441715e-05,0.98151946,6.6373286e-05,0.018331723
1,0.00014370242,0.9959921,9.647723e-05,0.003767715
1,6.71291e-05,0.9926963,6.765559e-05,0.0071689608
1,0.00018176659,0.99659365,7.956319e-05,0.0031449506
1,9.0489324e-05,0.99248415,7.709787e-05,0.007348155
1,0.0001544887,0.99610245,8.785325e-05,0.0036552101
1,0.0001657956,0.9964234,9.670772e-05,0.0033140753
1,0.00019075155,0.9960162,8.4480336e-05,0.0037083733
1,5.028357e-05,0.9850926,4.472313e-05,0.014812479
1,8.486382e-05,0.9850256,6.356007e-05,0.014825942
1,9.903075e-05,0.9947773,7.773013e-05,0.005045937
1,5.665348e-05,0.9910148,4.7707013e-05,0.008880747
1,5.9407736e-05,0.9762322,4.397596e-05,0.02366445
1,0.00013723329,0.99485695,6.558855e-05,0.0049402853
1,9.3995644e-05,0.995327,6.8768684e-05,0.004510206
1,0.00011572757,0.9943382,7.530537e-05,0.0054708864
1,0.00025624337,0.99624914,0.0001164038,0.0033782297
1,8.298154e-05,0.96883786,5.736748e-05,0.031021826
1,4.8100082e-05,0.97985405,3.7754187e-05,0.020060081
1,6.158243e-05,0.8163219,4.1831838e-05,0.18357463
1,9.740775e-05,0.990008,6.488755e-05,0.009829698
1,9.547803e-05,0.9953497,6.310713e-05,0.004491628
1,6.066999e-05,0.98921597,5.148995e-05,0.010671918
1,9.858668e-05,0.99419254,7.059446e-05,0.005638215
1,0.00023670177,0.93659306,5.3751908e-05,0.06311657
1,0.000122016965,0.994524,6.0876526e-05,0.0052932077
1,7.951653e-05,0.9921262,5.8517413e-05,0.0077357036
1,8.2915794e-05,0.9661814,5.5667035e-05,0.03368007
1,7.2808376e-05,0.9841659,6.974615e-05,0.015691552
1,9.099644e-05,0.988347,5.562501e-05,0.0115064625
1,6.538521e-05,0.9917727,4.983969e-05,0.008111977
1,4.9413637e-05,0.97946095,4.2100943e-05,0.020447522
1,6.0445967e-05,0.9817209,4.3707998e-05,0.01817504
1,6.786819e-05,0.9067005,6.203655e-05,0.09316961
1,0.00010015351,0.99045813,8.533186e-05,0.009356378
1,8.176642e-05,0.9811148,8.144764e-05,0.018722108
1,6.5591405e-05,0.992959,5.56667e-05,0.0069197575
1,6.7953144e-05,0.99123704,6.875415e-05,0.008626278
1,6.3424166e-05,0.9925653,7.620589e-05,0.007295129
1,0.0001200007,0.99349266,6.810777e-05,0.006319306
1,0.00010474956,0.9923413,8.40044e-05,0.0074700885
1,5.8689668e-05,0.9873032,6.3211264e-05,0.012574813
1,8.0847014e-05,0.9930877,7.106908e-05,0.0067603383
1,7.184266e-05,0.9883333,6.6055414e-05,0.011528797
1,6.135025e-05,0.9944634,7.785751e-05,0.0053972774
1,8.628494e-05,0.99372673,7.555362e-05,0.0061113867
3,0.00018821163,0.17862354,6.671686e-05,0.8211215
3,6.6563975e-05,0.08239311,3.5214038e-05,0.91750515
1,6.775393e-05,0.99219936,7.9212376e-05,0.0076536145
3,6.11958e-05,0.005994222,4.5388122e-05,0.9938992
1,8.036566e-05,0.9871749,6.054481e-05,0.012684175
1,0.000121906414,0.93160105,0.0001297687,0.06814721
1,7.7070385e-05,0.98248863,6.096769e-05,0.017373264
1,4.883071e-05,0.98699653,6.053387e-05,0.012894178
1,6.9655034e-05,0.916145,5.531733e-05,0.08372994
1,8.44616e-05,0.99191296,5.8049547e-05,0.007944556
1,0.00016326869,0.9947443,9.941505e-05,0.004993076
1,8.110907e-05,0.9904861,7.1578506e-05,0.009361211
1,8.654103e-05,0.99279046,6.792684e-05,0.00705504
1,0.00013294244,0.9543851,5.3087824e-05,0.04542876
1,5.248845e-05,0.9399311,4.5960423e-05,0.05997054
1,6.1465485e-05,0.986649,5.5529443e-05,0.013234022
1,9.105016e-05,0.9812346,5.947936e-05,0.018615004
1,5.253543e-05,0.9744347,4.727677e-05,0.025465539
1,7.63021e-05,0.989944,6.3877436e-05,0.009915832
1,6.753476e-05,0.5408643,4.2760345e-05,0.4590255
3,3.850148e-05,0.027635833,2.9751638e-05,0.9722959
3,0.00018334162,0.4053568,4.329304e-05,0.5944165
1,6.929275e-05,0.88333976,4.105459e-05,0.11654989
1,6.136764e-05,0.97741234,5.028284e-05,0.022475988
1,7.4882e-05,0.99455845,6.544093e-05,0.0053011505
1,9.80295e-05,0.9963272,7.242375e-05,0.0035023736
1,9.050997e-05,0.9946514,7.681482e-05,0.0051813624
1,8.687022e-05,0.9926817,7.315206e-05,0.007158362
1,8.215439e-05,0.99156296,5.6243698e-05,0.008298538
1,8.629099e-05,0.98799044,6.733487e-05,0.011855851
1,0.000111718735,0.99424064,7.75366e-05,0.005570077
1,0.00012575385,0.9953891,7.64227e-05,0.004408692
1,7.3598065e-05,0.9928992,7.7431985e-05,0.0069498154
1,0.00010416032,0.93242186,6.135241e-05,0.06741262
3,4.1330357e-05,0.117562115,4.382441e-05,0.88235277
1,9.288649e-05,0.99323446,6.795722e-05,0.0066047106
1,0.0003120147,0.592365,0.0001967852,0.40712616
1,6.1686966e-05,0.9863436,5.0940907e-05,0.0135436645
3,8.3943174e-05,0.21698031,3.198594e-05,0.7829038
1,9.6370815e-05,0.99295217,7.2178416e-05,0.006879284
1,9.450431e-05,0.96049875,7.078046e-05,0.039336
1,7.896668e-05,0.9929932,5.834021e-05,0.0068694977
1,8.066532e-05,0.9889225,7.504163e-05,0.010921754
1,9.116595e-05,0.98440325,6.86814e-05,0.015436923
1,6.393719e-05,0.99086994,6.443865e-05,0.009001682
1,0.00011621226,0.99073225,6.72585e-05,0.009084319
3,5.039426e-05,0.0068431958,4.3612596e-05,0.9930628
1,7.807897e-05,0.993404,6.511013e-05,0.006452814
1,5.7811965e-05,0.9725381,5.6693785e-05,0.027347364
1,7.6853656e-05,0.99321246,7.0524875e-05,0.0066401334
1,9.200455e-05,0.9954006,8.4098974e-05,0.0044232975
1,8.774797e-05,0.75984895,3.0324889e-05,0.24003291
3,0.00015731792,0.47356018,4.7512982e-05,0.5262349
1,6.841123e-05,0.5106837,4.2810654e-05,0.48920503
1,0.00010076204,0.99259126,8.002132e-05,0.0072279517
1,0.00013806438,0.53888166,5.039578e-05,0.46092993
3,5.1333547e-05,0.44452018,4.8982813e-05,0.5553795
1,7.6150696e-05,0.9822076,5.7257465e-05,0.017659042
1,7.916838e-05,0.98971343,7.3649055e-05,0.01013376
1,0.00010993978,0.9899419,8.5454114e-05,0.009862696
1,7.08389e-05,0.9918064,6.590027e-05,0.008056986
1,9.293288e-05,0.98985624,8.233397e-05,0.009968351
1,0.00011226001,0.9912828,7.867684e-05,0.008526172
1,5.1795912e-05,0.725188,4.6976853e-05,0.27471322
1,8.651186e-05,0.97706944,6.659057e-05,0.022777395
1,0.00011368944,0.9941491,7.031618e-05,0.005666949
1,9.874671e-05,0.9880569,7.9967525e-05,0.011764378
1,6.282882e-05,0.7612808,4.267849e-05,0.23861374
1,9.066366e-05,0.9808935,5.876597e-05,0.01895703
1,7.4919255e-05,0.98923993,5.4598404e-05,0.010630569
1,7.091233e-05,0.979353,5.0777835e-05,0.02052529
1,9.885919e-05,0.9891824,7.317949e-05,0.010645535
1,0.0002564078,0.99688846,0.00010793561,0.0027472374
1,5.7497717e-05,0.9901894,6.4520274e-05,0.009688534
1,0.0001561907,0.9953435,8.5920394e-05,0.004414414
1,8.0970036e-05,0.98685884,6.6734356e-05,0.012993495
1,0.000251708,0.9959705,0.00010783621,0.0036700377
1,7.349863e-05,0.98962307,6.614162e-05,0.01023727
1,8.7816574e-05,0.9879381,7.237717e-05,0.011901623
1,0.00014486436,0.5972055,0.00013555691,0.40251407
1,5.047001e-05,0.98105055,4.9687544e-05,0.018849295
1,0.00022237899,0.97208214,6.5735105e-05,0.02762976
1,0.0001516477,0.9951239,8.342131e-05,0.004641081
3,0.00016811349,0.020403616,0.0001597896,0.9792685
1,0.00018695979,0.9896556,0.00010799289,0.010049404
1,0.0005300613,0.98494047,0.00018899918,0.014340519
1,0.00011256457,0.9959155,8.219331e-05,0.0038898643
3,5.1748826e-05,0.065959245,3.4472152e-05,0.93395454
1,7.6391996e-05,0.9853199,7.433146e-05,0.014529332
1,8.843729e-05,0.9891087,7.989645e-05,0.010722992
3,9.3356735e-05,0.080200695,6.316833e-05,0.91964275
1,9.483769e-05,0.9925437,8.064506e-05,0.007280736
3,5.169539e-05,0.014488504,2.5892734e-05,0.98543394
1,0.000101160535,0.9868325,6.052381e-05,0.013005842
1,0.00011486411,0.9888487,7.8177676e-05,0.010958331
1,0.00022254065,0.8909393,0.00011981742,0.108718365
1,4.906179e-05,0.99166733,4.887051e-05,0.008234825
3,8.0459315e-05,0.051165964,0.00014484185,0.94860876
3,0.00012057611,0.3615445,7.5749915e-05,0.63825923
1,7.730773e-05,0.9932439,7.080314e-05,0.0066079996
1,0.00010378281,0.99283123,9.523646e-05,0.0069697285
1,8.630603e-05,0.9939697,7.11322e-05,0.0058729616
1,8.652764e-05,0.9945775,6.569832e-05,0.005270281
1,5.1426337e-05,0.9764832,4.7747737e-05,0.023417622
1,5.721239e-05,0.98143435,5.2501036e-05,0.018455867
1,0.00046799096,0.9970054,0.00013123172,0.0023952946
1,0.00010455507,0.9732397,7.876831e-05,0.026576955
1,4.5573022e-05,0.93200845,3.480582e-05,0.06791122
1,4.20469e-05,0.9858758,4.6723835e-05,0.014035324
1,8.611933e-05,0.9918195,6.866032e-05,0.008025682
1,0.000100414654,0.98916924,6.928403e-05,0.0106609985
1,0.00010586031,0.99118024,7.975164e-05,0.008634211
1,0.00011561158,0.5485754,6.3102954e-05,0.4512458
3,0.00012736965,0.0014287767,6.268419e-05,0.99838114
3,5.7476867e-05,0.013941056,3.0170097e-05,0.9859713
3,0.00010272,0.0017058542,5.2772553e-05,0.99813867
3,8.250798e-05,0.10373696,2.988241e-05,0.89615065
3,8.925754e-05,0.0015763446,5.1860494e-05,0.99828255
3,4.7053145e-05,0.010954144,4.5074154e-05,0.9889537
3,0.00013702191,0.006480715,5.767977e-05,0.9933246
3,9.2330134e-05,0.0048384755,4.0493916e-05,0.9950287
3,0.00011637934,0.0018494863,4.692976e-05,0.99798715
3,8.99689e-05,0.0014368608,6.5310414e-05,0.9984079
3,8.7888824e-05,0.001361452,9.671571e-05,0.998454
3,7.562421e-05,0.0032886665,3.5932273e-05,0.99659985
3,4.503062e-05,0.034812555,3.0828403e-05,0.96511155
3,5.766993e-05,0.1302736,3.3117056e-05,0.86963564
3,6.375759e-05,0.0060088383,3.4193694e-05,0.99389327
3,5.4865894e-05,0.0038539155,6.144688e-05,0.99602985
3,4.9116272e-05,0.012956925,2.523356e-05,0.9869687
1,8.303596e-05,0.9847402,6.2801366e-05,0.015113978
3,5.8324582e-05,0.0032887086,4.032143e-05,0.9966126
3,5.558977e-05,0.117966436,4.2455984e-05,0.8819355
3,8.231732e-05,0.0024546098,4.5018154e-05,0.99741805
3,8.2812716e-05,0.0023004536,5.826603e-05,0.9975585
1,0.00010841035,0.9461366,6.3980595e-05,0.053691052
3,7.164415e-05,0.002665552,4.244775e-05,0.9972204
1,6.1350984e-05,0.98866546,5.1461295e-05,0.011221598
3,7.190607e-05,0.0029296433,3.4433586e-05,0.99696404
3,6.932335e-05,0.0062953774,3.1124662e-05,0.99360424
3,8.163251e-05,0.0029886272,5.148498e-05,0.99687827
3,0.0001050203,0.0029591422,8.455116e-05,0.99685127
3,7.3750336e-05,0.0029850423,4.2600142e-05,0.99689865
3,8.6577194e-05,0.0027734109,4.7440382e-05,0.9970926
3,7.41432e-05,0.011286799,3.8842463e-05,0.9886002
3,8.64032e-05,0.00478473,4.018122e-05,0.99508876
3,0.00035740514,0.10224426,0.0002334782,0.8971649
3,8.132883e-05,0.13362564,3.5115994e-05,0.86625797
3,8.481566e-05,0.0018488672,4.7856865e-05,0.9980185
3,9.216498e-05,0.0066112597,4.781456e-05,0.9932488
3,6.988839e-05,0.0040381434,4.1165593e-05,0.9958508
3,9.724535e-05,0.0017906305,5.5517055e-05,0.9980566
3,0.00010914499,0.0015736202,5.542012e-05,0.99826187
3,5.4562042e-05,0.009393524,3.8164908e-05,0.9905137
3,8.530584e-05,0.0019482888,4.4429296e-05,0.997922
3,8.346806e-05,0.0041798814,5.5169014e-05,0.9956815
1,9.327458e-05,0.97809315,7.762999e-05,0.021735877
3,0.0001091832,0.0012078433,7.160409e-05,0.99861133
3,6.1629566e-05,0.008685271,3.615946e-05,0.9912169
3,5.7695033e-05,0.014048744,3.8283342e-05,0.9858553
3,7.485146e-05,0.08224507,3.3085642e-05,0.91764706
3,7.4242686e-05,0.4852869,6.759874e-05,0.51457125
3,9.464045e-05,0.0015966237,6.0866245e-05,0.99824786
3,0.00012942581,0.0029753516,7.4177966e-05,0.99682105
3,4.9454775e-05,0.064530075,3.412277e-05,0.9353863
3,0.00012033459,0.0035659727,5.6731125e-05,0.99625695
3,9.855262e-05,0.0021117993,5.0829723e-05,0.99773884
3,6.887171e-05,0.3371689,3.3828645e-05,0.6627284
3,5.635962e-05,0.025514118,4.107282e-05,0.9743885
3,9.648794e-05,0.0018043321,4.9185055e-05,0.99805
3,9.0498856e-05,0.030267723,4.649392e-05,0.9695953
3,0.0001033604,0.02068264,3.290717e-05,0.97918105
3,9.352734e-05,0.005597362,6.478449e-05,0.9942443
3,0.00011417497,0.0014235734,6.751444e-05,0.99839467
3,6.555461e-05,0.038031302,3.4142395e-05,0.96186906
3,0.00010215868,0.0013103387,6.966617e-05,0.9985178
3,0.004309382,0.014433252,0.00030021145,0.98095715
1,8.255463e-05,0.82603943,5.309347e-05,0.17382495
3,0.00012200491,0.0014935991,6.659254e-05,0.99831784
3,0.00010331419,0.0018026762,4.66584e-05,0.99804735
3,7.9151745e-05,0.0064715794,7.095117e-05,0.99337834
3,9.957856e-05,0.005418254,4.58583e-05,0.99443626
3,0.00011030466,0.037144914,7.581121e-05,0.96266896
3,0.00011551797,0.0014583641,5.618911e-05,0.99837
3,7.365245e-05,0.004318427,3.242874e-05,0.99557555
3,0.00012309251,0.042475652,5.4728764e-05,0.9573465
3,6.5469925e-05,0.008778216,3.629744e-05,0.99112004
3,7.0622926e-05,0.005303926,3.214463e-05,0.9945933
3,9.487986e-05,0.0029864188,4.7244957e-05,0.99687153
1,8.215871e-05,0.9800624,8.280309e-05,0.019772578
3,0.00014863705,0.014868143,4.3680335e-05,0.9849396
3,0.000111560796,0.0011377813,8.114279e-05,0.9986695
3,8.035179e-05,0.010943236,4.217734e-05,0.9889342
3,4.9617945e-05,0.0067575453,3.062849e-05,0.9931623
3,0.0001067209,0.0025551757,4.982408e-05,0.99728835
3,6.6854154e-05,0.007387846,4.541283e-05,0.9924999
3,9.028186e-05,0.49114713,4.1495823e-05,0.5087211
3,8.2927e-05,0.0028814713,4.980897e-05,0.99698585
3,0.00013996112,0.027870104,3.203264e-05,0.9719579
3,0.00012562667,0.0015315674,6.856936e-05,0.9982742
3,8.1634396e-05,0.0029777712,3.9321912e-05,0.9969013
3,0.00011103903,0.0019353358,6.451599e-05,0.9978891
3,7.240855e-05,0.065958254,2.880213e-05,0.93394053
3,9.291797e-05,0.0024001922,4.7088535e-05,0.9974598
3,0.000118240285,0.0015975627,5.864762e-05,0.9982255
3,6.389336e-05,0.005836368,3.327718e-05,0.9940665
3,8.3806306e-05,0.0021009762,4.946001e-05,0.9977658
3,9.4129435e-05,0.024279922,6.8330635e-05,0.97555757
3,0.00012485198,0.0018168569,0.000109751934,0.9979486
1,0.00016180245,0.96109575,6.784566e-05,0.038674615
1,0.00042474925,0.9707983,0.00025214758,0.02852483
3,7.9456375e-05,0.002668432,5.0604285e-05,0.99720156
3,7.268392e-05,0.011629676,4.037576e-05,0.9882572
3,7.494439e-05,0.0043920316,0.00014587675,0.99538714
3,9.6065014e-05,0.0022806847,5.8723366e-05,0.99756455
3,0.00012841307,0.0010174721,0.00012716516,0.9987269
3,7.8312434e-05,0.005460717,3.0787618e-05,0.9944301
3,5.8657304e-05,0.024630753,4.806207e-05,0.9752626
3,7.039651e-05,0.008452603,7.2206814e-05,0.9914048
3,7.854469e-05,0.0024873922,5.4726042e-05,0.9973794
3,0.00013938542,0.0010856969,8.859877e-05,0.9986864
3,7.7383476e-05,0.011484726,2.9314146e-05,0.9884086
3,0.00012287044,0.0022501196,5.092078e-05,0.99757606
3,5.253077e-05,0.010218008,3.7395686e-05,0.98969203
3,8.364748e-05,0.002035891,5.86239e-05,0.9978218
3,0.00018366361,0.13842805,6.0094506e-05,0.8613282
3,8.9320114e-05,0.00283624,4.1295043e-05,0.9970331
1,8.6495274e-05,0.93579555,6.205733e-05,0.06405592
3,7.517167e-05,0.24181938,4.0393978e-05,0.75806504
3,0.00015162108,0.010650241,6.1620456e-05,0.9891366
3,9.477198e-05,0.008006406,4.280059e-05,0.991856
3,8.772115e-05,0.022604875,3.323023e-05,0.9772742
3,8.629711e-05,0.0021040852,5.2855496e-05,0.9977568
3,0.00013890883,0.45124027,5.2109594e-05,0.54856867
3,8.1312675e-05,0.0049647503,4.0174153e-05,0.9949137
3,0.00010792619,0.004988765,4.678254e-05,0.9948565
3,8.4467116e-05,0.0020551975,5.296151e-05,0.9978073
3,0.00010518985,0.0013644559,6.966218e-05,0.99846065
3,5.999666e-05,0.012064226,3.8510447e-05,0.9878372
3,8.548504e-05,0.3389126,3.0125517e-05,0.66097176
3,8.945472e-05,0.005232164,3.558263e-05,0.99464273
3,9.915458e-05,0.019287026,3.4535664e-05,0.9805793
3,6.707872e-05,0.019510701,2.7529048e-05,0.9803947
3,0.00010607531,0.002764589,4.8754897e-05,0.9970805
1,8.1887934e-05,0.92124075,4.4870885e-05,0.07863241
3,9.936065e-05,0.007605652,3.4810815e-05,0.99226016
3,7.431652e-05,0.0050868164,4.9408878e-05,0.9947895
3,0.00014266884,0.0012537146,7.1319286e-05,0.9985323
3,7.998266e-05,0.003885903,3.9286162e-05,0.9959948
3,9.819232e-05,0.005740418,7.017489e-05,0.9940912
3,7.706532e-05,0.003935365,3.959242e-05,0.995948
3,8.11833e-05,0.0026525634,4.77252e-05,0.9972185
3,5.223803e-05,0.015737766,3.320451e-05,0.98417675
1,7.6419376e-05,0.54860973,3.9801023e-05,0.45127404
3,7.24758e-05,0.0067278733,4.3361884e-05,0.99315625
3,4.8364178e-05,0.00889819,2.9622228e-05,0.9910238
3,0.000100222336,0.0028863342,5.0198476e-05,0.9969632
3,4.680318e-05,0.023868766,3.972134e-05,0.97604465
3,9.110404e-05,0.0025623294,6.9988455e-05,0.9972766
3,7.9188074e-05,0.0021518255,4.4944096e-05,0.997724
1,7.210915e-05,0.93007886,6.36361e-05,0.06978545
3,8.2793755e-05,0.0025233554,6.372863e-05,0.99733007
3,7.920931e-05,0.0038277162,4.879944e-05,0.9960443
3,0.00013244674,0.0013936706,6.817774e-05,0.99840575
3,7.081893e-05,0.006431194,3.2486663e-05,0.9934655
3,7.344834e-05,0.0031831462,4.1120395e-05,0.99670225
3,7.846777e-05,0.0034677533,5.115977e-05,0.9964026
3,6.7527326e-05,0.005186637,5.383747e-05,0.994692
1,5.497331e-05,0.9767676,4.851377e-05,0.02312894
3,8.657998e-05,0.004683455,5.0798433e-05,0.9951792
3,6.216402e-05,0.051458266,2.5214838e-05,0.9484543
3,5.4050914e-05,0.014841176,2.9559666e-05,0.98507524
3,6.897845e-05,0.0054237368,3.6420155e-05,0.99447083
3,4.8678194e-05,0.016012572,2.4959696e-05,0.9839138
3,9.1679525e-05,0.00215062,4.4768385e-05,0.99771297
1,8.363172e-05,0.9012871,4.288208e-05,0.098586395
3,0.0001128065,0.003739288,3.9444425e-05,0.9961085
3,8.527702e-05,0.0022872135,4.2712803e-05,0.9975848
3,7.308599e-05,0.004227026,3.307137e-05,0.99566674
3,8.6275584e-05,0.0023563255,4.944723e-05,0.9975079
1,9.9798286e-05,0.59163845,4.3428667e-05,0.4082183
3,9.2778566e-05,0.001953222,4.3569456e-05,0.99791044
3,9.401537e-05,0.002385058,3.881057e-05,0.9974821
3,9.975258e-05,0.0017137564,6.4910244e-05,0.99812156
3,9.843468e-05,0.08539289,2.7656533e-05,0.914481
3,8.361111e-05,0.0044375425,3.7029808e-05,0.9954418
3,9.7570075e-05,0.002374028,4.3127657e-05,0.9974853
3,5.3294567e-05,0.015246183,3.899114e-05,0.9846615
3,7.980088e-05,0.00421469,3.1557145e-05,0.99567395
3,8.5954074e-05,0.0060879528,3.5413545e-05,0.9937907
3,0.000108512955,0.0015189669,5.888236e-05,0.99831367
1,7.772875e-05,0.97551936,5.279975e-05,0.024350205
3,0.00010030598,0.002057385,4.701247e-05,0.99779534
3,9.730211e-05,0.0031398858,7.21677e-05,0.99669063
3,9.088768e-05,0.0030164071,3.9473918e-05,0.9968533
3,5.5897755e-05,0.0067182747,3.2604872e-05,0.9931932
3,4.6900765e-05,0.008379813,2.9522225e-05,0.99154377
3,0.00010583823,0.0069194227,6.381909e-05,0.9929109
3,0.00015454937,0.005210004,8.618786e-05,0.9945492
3,6.369776e-05,0.04311936,2.916296e-05,0.95678777
3,9.164755e-05,0.124834865,4.414508e-05,0.8750293
3,0.000106659754,0.0031189583,5.7426354e-05,0.9967169
3,0.00011363934,0.0022450641,4.107714e-05,0.99760026
1,7.55104e-05,0.9113733,5.8349913e-05,0.08849281
3,0.00015548013,0.0011795464,7.833318e-05,0.99858665
3,7.2273884e-05,0.0036816886,3.6626618e-05,0.9962094
3,9.0452384e-05,0.001954889,4.5571236e-05,0.99790907
3,0.000112576185,0.0018697627,5.2250634e-05,0.99796546
3,6.504476e-05,0.0036143013,2.9779665e-05,0.9962909
3,8.125502e-05,0.0017673624,5.195235e-05,0.9980995
3,7.190356e-05,0.002961903,3.6940557e-05,0.9969292
3,0.00012538664,0.0015045743,5.520699e-05,0.99831486
3,9.1489754e-05,0.0022741505,3.9968916e-05,0.9975944
3,0.00010950011,0.0022219687,6.312673e-05,0.9976053
3,7.1795635e-05,0.00446358,3.179695e-05,0.99543285
3,0.000118980024,0.0012116719,6.700297e-05,0.99860233
3,8.767455e-05,0.0038576417,3.507947e-05,0.99601966
3,8.651647e-05,0.0015093972,6.292701e-05,0.9983412
3,0.00010382353,0.0027485136,3.9638537e-05,0.99710804
3,8.4114305e-05,0.0023327628,5.4520835e-05,0.9975286
3,9.102734e-05,0.005381647,3.4617628e-05,0.99449277
3,0.00010409338,0.0020785567,6.8132904e-05,0.99774915
3,7.244023e-05,0.11181026,3.0913692e-05,0.8880864
3,7.779337e-05,0.0023406174,4.8492057e-05,0.9975331
1,8.3041574e-05,0.98866117,5.6079098e-05,0.011199653
3,0.00014982706,0.0011135864,7.712436e-05,0.9986595
3,5.6404697e-05,0.019012745,3.2327294e-05,0.98089856
3,0.000108282045,0.0017010681,5.402391e-05,0.99813664
3,0.000101640886,0.002479973,7.335231e-05,0.99734503
3,5.6318302e-05,0.0070384596,2.6916467e-05,0.99287826
3,0.00012390164,0.0017058221,5.0354978e-05,0.9981199
3,3.4746383e-05,0.017225225,2.4068115e-05,0.98271596
3,7.8706296e-05,0.006298377,3.0284773e-05,0.99359256
3,9.107746e-05,0.0028786578,4.4648456e-05,0.9969856
3,7.132752e-05,0.005141573,3.2783937e-05,0.9947543
3,0.00011634258,0.0021646882,4.7098547e-05,0.9976719
3,4.9297134e-05,0.08554948,3.0849355e-05,0.9143703
3,0.00014312583,0.001981588,4.994837e-05,0.9978254
3,7.167959e-05,0.1347624,2.8512173e-05,0.86513734
3,0.000111486064,0.0018432001,4.486883e-05,0.99800044
3,7.4224554e-05,0.004392533,3.242631e-05,0.99550086
3,8.178181e-05,0.005076985,3.3432334e-05,0.9948078
3,0.0001188681,0.0021683709,4.9842794e-05,0.9976629
3,0.00011412926,0.0018147246,7.6175114e-05,0.997995
3,7.590975e-05,0.11534895,3.2142212e-05,0.884543
1,8.332556e-05,0.9521763,5.5724042e-05,0.04768465
1,8.842547e-05,0.9492335,7.5045726e-05,0.050603162
1,0.0001610959,0.9892042,0.000107733016,0.010526882
1,0.0001396545,0.9381559,6.753249e-05,0.06163685
3,0.000106765416,0.0021467328,4.2137857e-05,0.9977043
3,8.746528e-05,0.002343615,3.754495e-05,0.9975313
3,0.00011235103,0.0019206797,5.0344723e-05,0.99791664
3,0.00012758192,0.0017225168,5.6393408e-05,0.99809355
3,0.0001074375,0.0017147986,5.841276e-05,0.9981193
3,6.47797e-05,0.009586035,5.4443535e-05,0.9902948
3,7.682428e-05,0.003152264,5.2185358e-05,0.9967187
3,6.763208e-05,0.019085048,5.7398596e-05,0.98078996
1,0.00015507758,0.7503541,0.00010953775,0.24938123
3,0.00015418495,0.0017198944,9.099541e-05,0.9980349
3,0.00010810404,0.0013825406,6.518534e-05,0.99844414
3,8.1103804e-05,0.0016662199,6.304045e-05,0.9981896
3,8.3262596e-05,0.002745523,5.3235945e-05,0.997118
1,8.685143e-05,0.9828221,6.46687e-05,0.017026383
3,9.77215e-05,0.0027676378,5.04996e-05,0.9970841
3,6.586182e-05,0.022113975,5.2304902e-05,0.9777679
3,0.00015984138,0.39270833,8.005994e-05,0.6070518
3,7.5994365e-05,0.002300909,4.9644015e-05,0.99757344
3,5.6986657e-05,0.0030601388,4.0016886e-05,0.99684286
3,8.432823e-05,0.0017472241,5.4340155e-05,0.9981141
3,0.00011481164,0.0017242051,6.4403495e-05,0.99809664
3,9.399773e-05,0.0025698945,4.114485e-05,0.99729496
3,4.8643615e-05,0.012832239,5.5879213e-05,0.9870632
3,0.0001249397,0.0011433279,8.193746e-05,0.9986498
3,5.850861e-05,0.0040381784,4.382092e-05,0.99585944
3,7.5130454e-05,0.007860588,3.5628014e-05,0.99202865
3,9.294423e-05,0.002102914,6.2399806e-05,0.9977417
1,5.505572e-05,0.84328866,5.2946572e-05,0.15660325
3,3.683492e-05,0.025081452,3.0537223e-05,0.9748512
3,7.0019974e-05,0.004111464,3.9585702e-05,0.9957789
3,9.970378e-05,0.00220084,6.615811e-05,0.99763334
1,8.4869214e-05,0.97171175,3.9390838e-05,0.028163971
3,7.4305055e-05,0.0033038927,4.1276297e-05,0.99658054
3,5.682576e-05,0.003920116,5.1337796e-05,0.99597174
3,6.7778274e-05,0.0034417382,4.987905e-05,0.9964406
3,0.00013144015,0.0012028137,7.681825e-05,0.99858886
3,0.000109794804,0.007344729,3.9610015e-05,0.99250585
3,8.741985e-05,0.0048103975,3.4368095e-05,0.99506783
3,0.00011844301,0.0018446363,5.1041294e-05,0.99798584
3,5.726347e-05,0.0040717293,3.8071266e-05,0.995833
3,8.101954e-05,0.0027245844,4.1786818e-05,0.99715257
3,8.181187e-05,0.002755935,4.3196105e-05,0.99711907
3,0.00013475207,0.0017136919,6.7493434e-05,0.99808407
3,4.7798632e-05,0.005040196,5.280503e-05,0.9948592
3,8.27478e-05,0.005040055,4.5697667e-05,0.9948315
3,7.6622135e-05,0.0038286326,5.5188848e-05,0.9960395
3,8.343478e-05,0.0026108332,7.5229975e-05,0.99723047
3,8.383326e-05,0.38857287,3.23206e-05,0.61131096
3,6.834365e-05,0.107988834,4.1129933e-05,0.8919017
3,0.00027669864,0.14361365,9.885282e-05,0.8560108
3,6.1594634e-05,0.0034167455,4.5063593e-05,0.9964766
3,0.00012852164,0.4358283,3.950431e-05,0.5640037
3,5.068246e-05,0.033776924,4.7241254e-05,0.9661252
3,6.763988e-05,0.0035402807,4.2162927e-05,0.99634993
3,7.18276e-05,0.0020534901,5.1533778e-05,0.9978231
3,7.5331045e-05,0.0032575745,4.5070166e-05,0.99662197
3,7.8556666e-05,0.006240529,3.8435304e-05,0.99364245
0,0.9982493,7.005671e-05,0.001643492,3.7134243e-05
0,0.9985985,6.380968e-05,0.0012966011,4.103801e-05
0,0.99797684,4.8608472e-05,0.0019378702,3.6691603e-05
0,0.998418,5.843024e-05,0.0014901067,3.3422853e-05
0,0.99875546,6.6362e-05,0.0011335814,4.4640437e-05
0,0.9986432,9.3574905e-05,0.0012191586,4.4029326e-05
0,0.996005,0.000234168,0.0036300642,0.00013084424
0,0.9432122,0.051524878,0.0036961772,0.0015665891
0,0.9986266,6.674337e-05,0.0012659054,4.0719795e-05
0,0.9984686,0.00012394492,0.001370058,3.736067e-05
0,0.997931,7.254033e-05,0.0019558421,4.061203e-05
0,0.99725974,8.642275e-05,0.0025969238,5.6899247e-05
0,0.99872524,5.8448222e-05,0.0011711727,4.5165285e-05
0,0.9982374,6.466468e-05,0.0016652829,3.2706525e-05
0,0.99851996,5.708253e-05,0.0013863635,3.6568446e-05
0,0.9987771,5.9371727e-05,0.0011214253,4.201871e-05
0,0.9983748,8.55114e-05,0.0014998968,3.97665e-05
0,0.9987907,5.9488608e-05,0.0011115595,3.825899e-05
0,0.998585,6.77916e-05,0.0013054772,4.1765197e-05
0,0.9988661,6.210516e-05,0.0010283845,4.3356387e-05
0,0.99789184,7.4840056e-05,0.0019889907,4.4427954e-05
2,0.0048102774,3.651235e-05,0.9950429,0.00011029067
0,0.9981527,4.795687e-05,0.0017578815,4.1584357e-05
0,0.9986337,6.3439125e-05,0.0012697062,3.3040596e-05
0,0.99893826,7.120906e-05,0.0009408624,4.9711936e-05
0,0.9987318,6.3198015e-05,0.0011580305,4.687313e-05
0,0.98087883,4.1752155e-05,0.019049535,2.9897257e-05
0,0.9986524,5.631489e-05,0.0012492818,4.2013464e-05
0,0.99865603,5.9830138e-05,0.0012471533,3.693234e-05
0,0.99878424,7.28865e-05,0.0011095189,3.3304757e-05
0,0.9987226,8.929689e-05,0.0011489204,3.916361e-05
0,0.9984674,5.8205325e-05,0.0014387016,3.5719455e-05
0,0.99898225,7.010816e-05,0.00089891336,4.8657443e-05
0,0.99844617,7.6060845e-05,0.0014330621,4.4713863e-05
0,0.99819946,9.744941e-05,0.0016656264,3.7496793e-05
0,0.994534,0.00037364673,0.004953172,0.00013907727
0,0.9980781,6.69678e-05,0.0018175365,3.734606e-05
0,0.9967044,3.8553742e-05,0.0032222478,3.4830406e-05
0,0.9981217,6.855888e-05,0.0017785477,3.1144275e-05
0,0.9990501,9.490168e-05,0.0008033799,5.1597148e-05
0,0.99804115,7.768113e-05,0.001842938,3.8230282e-05
0,0.9986546,5.3006483e-05,0.0012523385,4.0011393e-05
0,0.9985481,5.878127e-05,0.001361248,3.1772113e-05
0,0.99836296,5.651891e-05,0.0015354478,4.51489e-05
0,0.99798596,5.6718694e-05,0.0019153107,4.1985426e-05
